anchor_step,arm,held_rank,step,holdout_loss,control_holdout_loss,branch_penalty_1e-3_nats,run_name
1000,control (128K),,1000,3.956937,3.956937,0.00,muon-s1-001000-global-k1
1000,control (128K),,1032,3.949908,3.949908,0.00,muon-s1-001000-global-k1
1000,control (128K),,1064,3.943108,3.943108,0.00,muon-s1-001000-global-k1
1000,control (128K),,1096,3.932869,3.932869,0.00,muon-s1-001000-global-k1
1000,control (128K),,1128,3.929213,3.929213,0.00,muon-s1-001000-global-k1
1000,control (128K),,1160,3.917720,3.917720,0.00,muon-s1-001000-global-k1
1000,control (128K),,1192,3.901299,3.901299,0.00,muon-s1-001000-global-k1
1000,control (128K),,1224,3.896843,3.896843,0.00,muon-s1-001000-global-k1
1000,control (128K),,1256,3.890069,3.890069,0.00,muon-s1-001000-global-k1
1000,control (128K),,1288,3.885637,3.885637,0.00,muon-s1-001000-global-k1
1000,control (128K),,1320,3.882879,3.882879,0.00,muon-s1-001000-global-k1
1000,control (128K),,1352,3.870703,3.870703,0.00,muon-s1-001000-global-k1
1000,control (128K),,1384,3.870644,3.870644,0.00,muon-s1-001000-global-k1
1000,control (128K),,1416,3.864018,3.864018,0.00,muon-s1-001000-global-k1
1000,control (128K),,1448,3.856268,3.856268,0.00,muon-s1-001000-global-k1
1000,control (128K),,1480,3.850114,3.850114,0.00,muon-s1-001000-global-k1
1000,control (128K),,1512,3.847482,3.847482,0.00,muon-s1-001000-global-k1
1000,control (128K),,1544,3.850485,3.850485,0.00,muon-s1-001000-global-k1
1000,control (128K),,1576,3.833827,3.833827,0.00,muon-s1-001000-global-k1
1000,control (128K),,1608,3.830340,3.830340,0.00,muon-s1-001000-global-k1
1000,control (128K),,1640,3.825458,3.825458,0.00,muon-s1-001000-global-k1
1000,control (128K),,1672,3.826529,3.826529,0.00,muon-s1-001000-global-k1
1000,control (128K),,1704,3.813692,3.813692,0.00,muon-s1-001000-global-k1
1000,control (128K),,1736,3.811083,3.811083,0.00,muon-s1-001000-global-k1
1000,control (128K),,1768,3.805145,3.805145,0.00,muon-s1-001000-global-k1
1000,control (128K),,1800,3.802952,3.802952,0.00,muon-s1-001000-global-k1
1000,control (128K),,1832,3.801304,3.801304,0.00,muon-s1-001000-global-k1
1000,control (128K),,1864,3.794646,3.794646,0.00,muon-s1-001000-global-k1
1000,control (128K),,1896,3.789941,3.789941,0.00,muon-s1-001000-global-k1
1000,control (128K),,1928,3.788632,3.788632,0.00,muon-s1-001000-global-k1
1000,control (128K),,1960,3.788371,3.788371,0.00,muon-s1-001000-global-k1
1000,control (128K),,1992,3.784283,3.784283,0.00,muon-s1-001000-global-k1
1000,control (128K),,2024,3.778712,3.778712,0.00,muon-s1-001000-global-k1
1000,fully scaled,,1000,3.956937,3.956937,0.00,muon-s1-001000-matrix-out-k16
1000,fully scaled,,1032,3.983111,3.949908,33.20,muon-s1-001000-matrix-out-k16
1000,fully scaled,,1064,3.986888,3.943108,43.78,muon-s1-001000-matrix-out-k16
1000,fully scaled,,1096,3.994920,3.932869,62.05,muon-s1-001000-matrix-out-k16
1000,fully scaled,,1128,4.015504,3.929213,86.29,muon-s1-001000-matrix-out-k16
1000,fully scaled,,1160,4.023225,3.917720,105.50,muon-s1-001000-matrix-out-k16
1000,fully scaled,,1192,4.027424,3.901299,126.12,muon-s1-001000-matrix-out-k16
1000,fully scaled,,1224,4.020611,3.896843,123.77,muon-s1-001000-matrix-out-k16
1000,fully scaled,,1256,4.013036,3.890069,122.97,muon-s1-001000-matrix-out-k16
1000,fully scaled,,1288,4.009382,3.885637,123.74,muon-s1-001000-matrix-out-k16
1000,fully scaled,,1320,4.001049,3.882879,118.17,muon-s1-001000-matrix-out-k16
1000,fully scaled,,1352,3.996398,3.870703,125.70,muon-s1-001000-matrix-out-k16
1000,fully scaled,,1384,3.980639,3.870644,110.00,muon-s1-001000-matrix-out-k16
1000,fully scaled,,1416,3.976732,3.864018,112.71,muon-s1-001000-matrix-out-k16
1000,fully scaled,,1448,3.966672,3.856268,110.40,muon-s1-001000-matrix-out-k16
1000,fully scaled,,1480,3.963646,3.850114,113.53,muon-s1-001000-matrix-out-k16
1000,fully scaled,,1512,3.948590,3.847482,101.11,muon-s1-001000-matrix-out-k16
1000,fully scaled,,1544,3.929731,3.850485,79.25,muon-s1-001000-matrix-out-k16
1000,fully scaled,,1576,3.925934,3.833827,92.11,muon-s1-001000-matrix-out-k16
1000,fully scaled,,1608,3.918690,3.830340,88.35,muon-s1-001000-matrix-out-k16
1000,fully scaled,,1640,3.912112,3.825458,86.65,muon-s1-001000-matrix-out-k16
1000,fully scaled,,1672,3.914970,3.826529,88.44,muon-s1-001000-matrix-out-k16
1000,fully scaled,,1704,3.898568,3.813692,84.88,muon-s1-001000-matrix-out-k16
1000,fully scaled,,1736,3.889651,3.811083,78.57,muon-s1-001000-matrix-out-k16
1000,fully scaled,,1768,3.881255,3.805145,76.11,muon-s1-001000-matrix-out-k16
1000,fully scaled,,1800,3.873733,3.802952,70.78,muon-s1-001000-matrix-out-k16
1000,fully scaled,,1832,3.879599,3.801304,78.29,muon-s1-001000-matrix-out-k16
1000,fully scaled,,1864,3.865822,3.794646,71.18,muon-s1-001000-matrix-out-k16
1000,fully scaled,,1896,3.856792,3.789941,66.85,muon-s1-001000-matrix-out-k16
1000,fully scaled,,1928,3.857392,3.788632,68.76,muon-s1-001000-matrix-out-k16
1000,fully scaled,,1960,3.856822,3.788371,68.45,muon-s1-001000-matrix-out-k16
1000,fully scaled,,1992,3.846078,3.784283,61.79,muon-s1-001000-matrix-out-k16
1000,fully scaled,,2024,3.840234,3.778712,61.52,muon-s1-001000-matrix-out-k16
1000,top-16 held,16,1000,3.956937,3.956937,0.00,muon-s1-001000-preggn-complement-out-k16-r16
1000,top-16 held,16,1032,3.990378,3.949908,40.47,muon-s1-001000-preggn-complement-out-k16-r16
1000,top-16 held,16,1064,3.986721,3.943108,43.61,muon-s1-001000-preggn-complement-out-k16-r16
1000,top-16 held,16,1096,3.994476,3.932869,61.61,muon-s1-001000-preggn-complement-out-k16-r16
1000,top-16 held,16,1128,4.009968,3.929213,80.76,muon-s1-001000-preggn-complement-out-k16-r16
1000,top-16 held,16,1160,4.013049,3.917720,95.33,muon-s1-001000-preggn-complement-out-k16-r16
1000,top-16 held,16,1192,4.021288,3.901299,119.99,muon-s1-001000-preggn-complement-out-k16-r16
1000,top-16 held,16,1224,4.011322,3.896843,114.48,muon-s1-001000-preggn-complement-out-k16-r16
1000,top-16 held,16,1256,4.000762,3.890069,110.69,muon-s1-001000-preggn-complement-out-k16-r16
1000,top-16 held,16,1288,4.001273,3.885637,115.64,muon-s1-001000-preggn-complement-out-k16-r16
1000,top-16 held,16,1320,3.997918,3.882879,115.04,muon-s1-001000-preggn-complement-out-k16-r16
1000,top-16 held,16,1352,3.996404,3.870703,125.70,muon-s1-001000-preggn-complement-out-k16-r16
1000,top-16 held,16,1384,3.988500,3.870644,117.86,muon-s1-001000-preggn-complement-out-k16-r16
1000,top-16 held,16,1416,3.970304,3.864018,106.29,muon-s1-001000-preggn-complement-out-k16-r16
1000,top-16 held,16,1448,3.965161,3.856268,108.89,muon-s1-001000-preggn-complement-out-k16-r16
1000,top-16 held,16,1480,3.961335,3.850114,111.22,muon-s1-001000-preggn-complement-out-k16-r16
1000,top-16 held,16,1512,3.947401,3.847482,99.92,muon-s1-001000-preggn-complement-out-k16-r16
1000,top-16 held,16,1544,3.930068,3.850485,79.58,muon-s1-001000-preggn-complement-out-k16-r16
1000,top-16 held,16,1576,3.921925,3.833827,88.10,muon-s1-001000-preggn-complement-out-k16-r16
1000,top-16 held,16,1608,3.917248,3.830340,86.91,muon-s1-001000-preggn-complement-out-k16-r16
1000,top-16 held,16,1640,3.909420,3.825458,83.96,muon-s1-001000-preggn-complement-out-k16-r16
1000,top-16 held,16,1672,3.914943,3.826529,88.41,muon-s1-001000-preggn-complement-out-k16-r16
1000,top-16 held,16,1704,3.897372,3.813692,83.68,muon-s1-001000-preggn-complement-out-k16-r16
1000,top-16 held,16,1736,3.885806,3.811083,74.72,muon-s1-001000-preggn-complement-out-k16-r16
1000,top-16 held,16,1768,3.880005,3.805145,74.86,muon-s1-001000-preggn-complement-out-k16-r16
1000,top-16 held,16,1800,3.877054,3.802952,74.10,muon-s1-001000-preggn-complement-out-k16-r16
1000,top-16 held,16,1832,3.881225,3.801304,79.92,muon-s1-001000-preggn-complement-out-k16-r16
1000,top-16 held,16,1864,3.855989,3.794646,61.34,muon-s1-001000-preggn-complement-out-k16-r16
1000,top-16 held,16,1896,3.853287,3.789941,63.35,muon-s1-001000-preggn-complement-out-k16-r16
1000,top-16 held,16,1928,3.855095,3.788632,66.46,muon-s1-001000-preggn-complement-out-k16-r16
1000,top-16 held,16,1960,3.853925,3.788371,65.55,muon-s1-001000-preggn-complement-out-k16-r16
1000,top-16 held,16,1992,3.844326,3.784283,60.04,muon-s1-001000-preggn-complement-out-k16-r16
1000,top-16 held,16,2024,3.828322,3.778712,49.61,muon-s1-001000-preggn-complement-out-k16-r16
1000,top-64 held,64,1000,3.956937,3.956937,0.00,muon-s1-001000-ggn-complement-out-k16-r64
1000,top-64 held,64,1032,3.994555,3.949908,44.65,muon-s1-001000-ggn-complement-out-k16-r64
1000,top-64 held,64,1064,3.985112,3.943108,42.00,muon-s1-001000-ggn-complement-out-k16-r64
1000,top-64 held,64,1096,3.993286,3.932869,60.42,muon-s1-001000-ggn-complement-out-k16-r64
1000,top-64 held,64,1128,4.004666,3.929213,75.45,muon-s1-001000-ggn-complement-out-k16-r64
1000,top-64 held,64,1160,4.008492,3.917720,90.77,muon-s1-001000-ggn-complement-out-k16-r64
1000,top-64 held,64,1192,4.014262,3.901299,112.96,muon-s1-001000-ggn-complement-out-k16-r64
1000,top-64 held,64,1224,4.007216,3.896843,110.37,muon-s1-001000-ggn-complement-out-k16-r64
1000,top-64 held,64,1256,3.999401,3.890069,109.33,muon-s1-001000-ggn-complement-out-k16-r64
1000,top-64 held,64,1288,3.999192,3.885637,113.55,muon-s1-001000-ggn-complement-out-k16-r64
1000,top-64 held,64,1320,3.994267,3.882879,111.39,muon-s1-001000-ggn-complement-out-k16-r64
1000,top-64 held,64,1352,3.995744,3.870703,125.04,muon-s1-001000-ggn-complement-out-k16-r64
1000,top-64 held,64,1384,3.987157,3.870644,116.51,muon-s1-001000-ggn-complement-out-k16-r64
1000,top-64 held,64,1416,3.965166,3.864018,101.15,muon-s1-001000-ggn-complement-out-k16-r64
1000,top-64 held,64,1448,3.956461,3.856268,100.19,muon-s1-001000-ggn-complement-out-k16-r64
1000,top-64 held,64,1480,3.953200,3.850114,103.09,muon-s1-001000-ggn-complement-out-k16-r64
1000,top-64 held,64,1512,3.944777,3.847482,97.29,muon-s1-001000-ggn-complement-out-k16-r64
1000,top-64 held,64,1544,3.930297,3.850485,79.81,muon-s1-001000-ggn-complement-out-k16-r64
1000,top-64 held,64,1576,3.921273,3.833827,87.45,muon-s1-001000-ggn-complement-out-k16-r64
1000,top-64 held,64,1608,3.914363,3.830340,84.02,muon-s1-001000-ggn-complement-out-k16-r64
1000,top-64 held,64,1640,3.904660,3.825458,79.20,muon-s1-001000-ggn-complement-out-k16-r64
1000,top-64 held,64,1672,3.907245,3.826529,80.72,muon-s1-001000-ggn-complement-out-k16-r64
1000,top-64 held,64,1704,3.889863,3.813692,76.17,muon-s1-001000-ggn-complement-out-k16-r64
1000,top-64 held,64,1736,3.885587,3.811083,74.50,muon-s1-001000-ggn-complement-out-k16-r64
1000,top-64 held,64,1768,3.872441,3.805145,67.30,muon-s1-001000-ggn-complement-out-k16-r64
1000,top-64 held,64,1800,3.874187,3.802952,71.24,muon-s1-001000-ggn-complement-out-k16-r64
1000,top-64 held,64,1832,3.870433,3.801304,69.13,muon-s1-001000-ggn-complement-out-k16-r64
1000,top-64 held,64,1864,3.856189,3.794646,61.54,muon-s1-001000-ggn-complement-out-k16-r64
1000,top-64 held,64,1896,3.853601,3.789941,63.66,muon-s1-001000-ggn-complement-out-k16-r64
1000,top-64 held,64,1928,3.847815,3.788632,59.18,muon-s1-001000-ggn-complement-out-k16-r64
1000,top-64 held,64,1960,3.848182,3.788371,59.81,muon-s1-001000-ggn-complement-out-k16-r64
1000,top-64 held,64,1992,3.836528,3.784283,52.24,muon-s1-001000-ggn-complement-out-k16-r64
1000,top-64 held,64,2024,3.824767,3.778712,46.05,muon-s1-001000-ggn-complement-out-k16-r64
1000,top-128 held,128,1000,3.956937,3.956937,0.00,muon-s1-001000-ggn-complement-out-k16-r128
1000,top-128 held,128,1032,3.995875,3.949908,45.97,muon-s1-001000-ggn-complement-out-k16-r128
1000,top-128 held,128,1064,3.986255,3.943108,43.15,muon-s1-001000-ggn-complement-out-k16-r128
1000,top-128 held,128,1096,3.993385,3.932869,60.52,muon-s1-001000-ggn-complement-out-k16-r128
1000,top-128 held,128,1128,4.003974,3.929213,74.76,muon-s1-001000-ggn-complement-out-k16-r128
1000,top-128 held,128,1160,4.005423,3.917720,87.70,muon-s1-001000-ggn-complement-out-k16-r128
1000,top-128 held,128,1192,4.012098,3.901299,110.80,muon-s1-001000-ggn-complement-out-k16-r128
1000,top-128 held,128,1224,4.005794,3.896843,108.95,muon-s1-001000-ggn-complement-out-k16-r128
1000,top-128 held,128,1256,3.995842,3.890069,105.77,muon-s1-001000-ggn-complement-out-k16-r128
1000,top-128 held,128,1288,3.998004,3.885637,112.37,muon-s1-001000-ggn-complement-out-k16-r128
1000,top-128 held,128,1320,3.990144,3.882879,107.27,muon-s1-001000-ggn-complement-out-k16-r128
1000,top-128 held,128,1352,3.989034,3.870703,118.33,muon-s1-001000-ggn-complement-out-k16-r128
1000,top-128 held,128,1384,3.983937,3.870644,113.29,muon-s1-001000-ggn-complement-out-k16-r128
1000,top-128 held,128,1416,3.964852,3.864018,100.83,muon-s1-001000-ggn-complement-out-k16-r128
1000,top-128 held,128,1448,3.954323,3.856268,98.05,muon-s1-001000-ggn-complement-out-k16-r128
1000,top-128 held,128,1480,3.949034,3.850114,98.92,muon-s1-001000-ggn-complement-out-k16-r128
1000,top-128 held,128,1512,3.943990,3.847482,96.51,muon-s1-001000-ggn-complement-out-k16-r128
1000,top-128 held,128,1544,3.925881,3.850485,75.40,muon-s1-001000-ggn-complement-out-k16-r128
1000,top-128 held,128,1576,3.920348,3.833827,86.52,muon-s1-001000-ggn-complement-out-k16-r128
1000,top-128 held,128,1608,3.911219,3.830340,80.88,muon-s1-001000-ggn-complement-out-k16-r128
1000,top-128 held,128,1640,3.901222,3.825458,75.76,muon-s1-001000-ggn-complement-out-k16-r128
1000,top-128 held,128,1672,3.900691,3.826529,74.16,muon-s1-001000-ggn-complement-out-k16-r128
1000,top-128 held,128,1704,3.890611,3.813692,76.92,muon-s1-001000-ggn-complement-out-k16-r128
1000,top-128 held,128,1736,3.881392,3.811083,70.31,muon-s1-001000-ggn-complement-out-k16-r128
1000,top-128 held,128,1768,3.872673,3.805145,67.53,muon-s1-001000-ggn-complement-out-k16-r128
1000,top-128 held,128,1800,3.868317,3.802952,65.36,muon-s1-001000-ggn-complement-out-k16-r128
1000,top-128 held,128,1832,3.866723,3.801304,65.42,muon-s1-001000-ggn-complement-out-k16-r128
1000,top-128 held,128,1864,3.849369,3.794646,54.72,muon-s1-001000-ggn-complement-out-k16-r128
1000,top-128 held,128,1896,3.849411,3.789941,59.47,muon-s1-001000-ggn-complement-out-k16-r128
1000,top-128 held,128,1928,3.845845,3.788632,57.21,muon-s1-001000-ggn-complement-out-k16-r128
1000,top-128 held,128,1960,3.844929,3.788371,56.56,muon-s1-001000-ggn-complement-out-k16-r128
1000,top-128 held,128,1992,3.834550,3.784283,50.27,muon-s1-001000-ggn-complement-out-k16-r128
1000,top-128 held,128,2024,3.825802,3.778712,47.09,muon-s1-001000-ggn-complement-out-k16-r128
1000,top-256 held,256,1000,3.956937,3.956937,0.00,muon-s1-001000-ggn-complement-out-k16-r256
1000,top-256 held,256,1032,3.995766,3.949908,45.86,muon-s1-001000-ggn-complement-out-k16-r256
1000,top-256 held,256,1064,3.986451,3.943108,43.34,muon-s1-001000-ggn-complement-out-k16-r256
1000,top-256 held,256,1096,3.994126,3.932869,61.26,muon-s1-001000-ggn-complement-out-k16-r256
1000,top-256 held,256,1128,4.002485,3.929213,73.27,muon-s1-001000-ggn-complement-out-k16-r256
1000,top-256 held,256,1160,4.003706,3.917720,85.99,muon-s1-001000-ggn-complement-out-k16-r256
1000,top-256 held,256,1192,4.005909,3.901299,104.61,muon-s1-001000-ggn-complement-out-k16-r256
1000,top-256 held,256,1224,4.003822,3.896843,106.98,muon-s1-001000-ggn-complement-out-k16-r256
1000,top-256 held,256,1256,3.990079,3.890069,100.01,muon-s1-001000-ggn-complement-out-k16-r256
1000,top-256 held,256,1288,3.993054,3.885637,107.42,muon-s1-001000-ggn-complement-out-k16-r256
1000,top-256 held,256,1320,3.983639,3.882879,100.76,muon-s1-001000-ggn-complement-out-k16-r256
1000,top-256 held,256,1352,3.987739,3.870703,117.04,muon-s1-001000-ggn-complement-out-k16-r256
1000,top-256 held,256,1384,3.978462,3.870644,107.82,muon-s1-001000-ggn-complement-out-k16-r256
1000,top-256 held,256,1416,3.963265,3.864018,99.25,muon-s1-001000-ggn-complement-out-k16-r256
1000,top-256 held,256,1448,3.945289,3.856268,89.02,muon-s1-001000-ggn-complement-out-k16-r256
1000,top-256 held,256,1480,3.944265,3.850114,94.15,muon-s1-001000-ggn-complement-out-k16-r256
1000,top-256 held,256,1512,3.939336,3.847482,91.85,muon-s1-001000-ggn-complement-out-k16-r256
1000,top-256 held,256,1544,3.922670,3.850485,72.19,muon-s1-001000-ggn-complement-out-k16-r256
1000,top-256 held,256,1576,3.914175,3.833827,80.35,muon-s1-001000-ggn-complement-out-k16-r256
1000,top-256 held,256,1608,3.908203,3.830340,77.86,muon-s1-001000-ggn-complement-out-k16-r256
1000,top-256 held,256,1640,3.897334,3.825458,71.88,muon-s1-001000-ggn-complement-out-k16-r256
1000,top-256 held,256,1672,3.895546,3.826529,69.02,muon-s1-001000-ggn-complement-out-k16-r256
1000,top-256 held,256,1704,3.885190,3.813692,71.50,muon-s1-001000-ggn-complement-out-k16-r256
1000,top-256 held,256,1736,3.874876,3.811083,63.79,muon-s1-001000-ggn-complement-out-k16-r256
1000,top-256 held,256,1768,3.861778,3.805145,56.63,muon-s1-001000-ggn-complement-out-k16-r256
1000,top-256 held,256,1800,3.860607,3.802952,57.65,muon-s1-001000-ggn-complement-out-k16-r256
1000,top-256 held,256,1832,3.860259,3.801304,58.95,muon-s1-001000-ggn-complement-out-k16-r256
1000,top-256 held,256,1864,3.843833,3.794646,49.19,muon-s1-001000-ggn-complement-out-k16-r256
1000,top-256 held,256,1896,3.841808,3.789941,51.87,muon-s1-001000-ggn-complement-out-k16-r256
1000,top-256 held,256,1928,3.836537,3.788632,47.90,muon-s1-001000-ggn-complement-out-k16-r256
1000,top-256 held,256,1960,3.839149,3.788371,50.78,muon-s1-001000-ggn-complement-out-k16-r256
1000,top-256 held,256,1992,3.823589,3.784283,39.31,muon-s1-001000-ggn-complement-out-k16-r256
1000,top-256 held,256,2024,3.813365,3.778712,34.65,muon-s1-001000-ggn-complement-out-k16-r256
1000,top-768 held,768,1000,3.956937,3.956937,0.00,muon-s1-001000-ggn-complement-out-k16-r768
1000,top-768 held,768,1032,3.995986,3.949908,46.08,muon-s1-001000-ggn-complement-out-k16-r768
1000,top-768 held,768,1064,3.986416,3.943108,43.31,muon-s1-001000-ggn-complement-out-k16-r768
1000,top-768 held,768,1096,3.992948,3.932869,60.08,muon-s1-001000-ggn-complement-out-k16-r768
1000,top-768 held,768,1128,4.000853,3.929213,71.64,muon-s1-001000-ggn-complement-out-k16-r768
1000,top-768 held,768,1160,3.999871,3.917720,82.15,muon-s1-001000-ggn-complement-out-k16-r768
1000,top-768 held,768,1192,4.002347,3.901299,101.05,muon-s1-001000-ggn-complement-out-k16-r768
1000,top-768 held,768,1224,4.001777,3.896843,104.93,muon-s1-001000-ggn-complement-out-k16-r768
1000,top-768 held,768,1256,3.981282,3.890069,91.21,muon-s1-001000-ggn-complement-out-k16-r768
1000,top-768 held,768,1288,3.982999,3.885637,97.36,muon-s1-001000-ggn-complement-out-k16-r768
1000,top-768 held,768,1320,3.977202,3.882879,94.32,muon-s1-001000-ggn-complement-out-k16-r768
1000,top-768 held,768,1352,3.981725,3.870703,111.02,muon-s1-001000-ggn-complement-out-k16-r768
1000,top-768 held,768,1384,3.972125,3.870644,101.48,muon-s1-001000-ggn-complement-out-k16-r768
1000,top-768 held,768,1416,3.958644,3.864018,94.63,muon-s1-001000-ggn-complement-out-k16-r768
1000,top-768 held,768,1448,3.939239,3.856268,82.97,muon-s1-001000-ggn-complement-out-k16-r768
1000,top-768 held,768,1480,3.939188,3.850114,89.07,muon-s1-001000-ggn-complement-out-k16-r768
1000,top-768 held,768,1512,3.933497,3.847482,86.01,muon-s1-001000-ggn-complement-out-k16-r768
1000,top-768 held,768,1544,3.916283,3.850485,65.80,muon-s1-001000-ggn-complement-out-k16-r768
1000,top-768 held,768,1576,3.912297,3.833827,78.47,muon-s1-001000-ggn-complement-out-k16-r768
1000,top-768 held,768,1608,3.902859,3.830340,72.52,muon-s1-001000-ggn-complement-out-k16-r768
1000,top-768 held,768,1640,3.890838,3.825458,65.38,muon-s1-001000-ggn-complement-out-k16-r768
1000,top-768 held,768,1672,3.886448,3.826529,59.92,muon-s1-001000-ggn-complement-out-k16-r768
1000,top-768 held,768,1704,3.874004,3.813692,60.31,muon-s1-001000-ggn-complement-out-k16-r768
1000,top-768 held,768,1736,3.866180,3.811083,55.10,muon-s1-001000-ggn-complement-out-k16-r768
1000,top-768 held,768,1768,3.855320,3.805145,50.17,muon-s1-001000-ggn-complement-out-k16-r768
1000,top-768 held,768,1800,3.853334,3.802952,50.38,muon-s1-001000-ggn-complement-out-k16-r768
1000,top-768 held,768,1832,3.860388,3.801304,59.08,muon-s1-001000-ggn-complement-out-k16-r768
1000,top-768 held,768,1864,3.842015,3.794646,47.37,muon-s1-001000-ggn-complement-out-k16-r768
1000,top-768 held,768,1896,3.838878,3.789941,48.94,muon-s1-001000-ggn-complement-out-k16-r768
1000,top-768 held,768,1928,3.832296,3.788632,43.66,muon-s1-001000-ggn-complement-out-k16-r768
1000,top-768 held,768,1960,3.836221,3.788371,47.85,muon-s1-001000-ggn-complement-out-k16-r768
1000,top-768 held,768,1992,3.820851,3.784283,36.57,muon-s1-001000-ggn-complement-out-k16-r768
1000,top-768 held,768,2024,3.814046,3.778712,35.33,muon-s1-001000-ggn-complement-out-k16-r768
1000,random-768 held,768,1000,3.956937,3.956937,0.00,muon-s1-001000-ggn-random-complement-out-k16-r768
1000,random-768 held,768,1032,3.983062,3.949908,33.15,muon-s1-001000-ggn-random-complement-out-k16-r768
1000,random-768 held,768,1064,3.986784,3.943108,43.68,muon-s1-001000-ggn-random-complement-out-k16-r768
1000,random-768 held,768,1096,3.994839,3.932869,61.97,muon-s1-001000-ggn-random-complement-out-k16-r768
1000,random-768 held,768,1128,4.015609,3.929213,86.40,muon-s1-001000-ggn-random-complement-out-k16-r768
1000,random-768 held,768,1160,4.023385,3.917720,105.67,muon-s1-001000-ggn-random-complement-out-k16-r768
1000,random-768 held,768,1192,4.027320,3.901299,126.02,muon-s1-001000-ggn-random-complement-out-k16-r768
1000,random-768 held,768,1224,4.020254,3.896843,123.41,muon-s1-001000-ggn-random-complement-out-k16-r768
1000,random-768 held,768,1256,4.013903,3.890069,123.83,muon-s1-001000-ggn-random-complement-out-k16-r768
1000,random-768 held,768,1288,4.009985,3.885637,124.35,muon-s1-001000-ggn-random-complement-out-k16-r768
1000,random-768 held,768,1320,4.000746,3.882879,117.87,muon-s1-001000-ggn-random-complement-out-k16-r768
1000,random-768 held,768,1352,3.996345,3.870703,125.64,muon-s1-001000-ggn-random-complement-out-k16-r768
1000,random-768 held,768,1384,3.981031,3.870644,110.39,muon-s1-001000-ggn-random-complement-out-k16-r768
1000,random-768 held,768,1416,3.975652,3.864018,111.63,muon-s1-001000-ggn-random-complement-out-k16-r768
1000,random-768 held,768,1448,3.967434,3.856268,111.17,muon-s1-001000-ggn-random-complement-out-k16-r768
1000,random-768 held,768,1480,3.963720,3.850114,113.61,muon-s1-001000-ggn-random-complement-out-k16-r768
1000,random-768 held,768,1512,3.947855,3.847482,100.37,muon-s1-001000-ggn-random-complement-out-k16-r768
1000,random-768 held,768,1544,3.929165,3.850485,78.68,muon-s1-001000-ggn-random-complement-out-k16-r768
1000,random-768 held,768,1576,3.925082,3.833827,91.26,muon-s1-001000-ggn-random-complement-out-k16-r768
1000,random-768 held,768,1608,3.916921,3.830340,86.58,muon-s1-001000-ggn-random-complement-out-k16-r768
1000,random-768 held,768,1640,3.912039,3.825458,86.58,muon-s1-001000-ggn-random-complement-out-k16-r768
1000,random-768 held,768,1672,3.914414,3.826529,87.88,muon-s1-001000-ggn-random-complement-out-k16-r768
1000,random-768 held,768,1704,3.898900,3.813692,85.21,muon-s1-001000-ggn-random-complement-out-k16-r768
1000,random-768 held,768,1736,3.890401,3.811083,79.32,muon-s1-001000-ggn-random-complement-out-k16-r768
1000,random-768 held,768,1768,3.881497,3.805145,76.35,muon-s1-001000-ggn-random-complement-out-k16-r768
1000,random-768 held,768,1800,3.874213,3.802952,71.26,muon-s1-001000-ggn-random-complement-out-k16-r768
1000,random-768 held,768,1832,3.878508,3.801304,77.20,muon-s1-001000-ggn-random-complement-out-k16-r768
1000,random-768 held,768,1864,3.864949,3.794646,70.30,muon-s1-001000-ggn-random-complement-out-k16-r768
1000,random-768 held,768,1896,3.856522,3.789941,66.58,muon-s1-001000-ggn-random-complement-out-k16-r768
1000,random-768 held,768,1928,3.859576,3.788632,70.94,muon-s1-001000-ggn-random-complement-out-k16-r768
1000,random-768 held,768,1960,3.858323,3.788371,69.95,muon-s1-001000-ggn-random-complement-out-k16-r768
1000,random-768 held,768,1992,3.847336,3.784283,63.05,muon-s1-001000-ggn-random-complement-out-k16-r768
1000,random-768 held,768,2024,3.842473,3.778712,63.76,muon-s1-001000-ggn-random-complement-out-k16-r768
2000,control (128K),,2000,3.791378,3.791378,0.00,muon-s1-002000-global-k1
2000,control (128K),,2032,3.778693,3.778693,0.00,muon-s1-002000-global-k1
2000,control (128K),,2064,3.778607,3.778607,0.00,muon-s1-002000-global-k1
2000,control (128K),,2096,3.772778,3.772778,0.00,muon-s1-002000-global-k1
2000,control (128K),,2128,3.769352,3.769352,0.00,muon-s1-002000-global-k1
2000,control (128K),,2160,3.767303,3.767303,0.00,muon-s1-002000-global-k1
2000,control (128K),,2192,3.771039,3.771039,0.00,muon-s1-002000-global-k1
2000,control (128K),,2224,3.764587,3.764587,0.00,muon-s1-002000-global-k1
2000,control (128K),,2256,3.756377,3.756377,0.00,muon-s1-002000-global-k1
2000,control (128K),,2288,3.754234,3.754234,0.00,muon-s1-002000-global-k1
2000,control (128K),,2320,3.749790,3.749790,0.00,muon-s1-002000-global-k1
2000,control (128K),,2352,3.741251,3.741251,0.00,muon-s1-002000-global-k1
2000,control (128K),,2384,3.739825,3.739825,0.00,muon-s1-002000-global-k1
2000,control (128K),,2416,3.734230,3.734230,0.00,muon-s1-002000-global-k1
2000,control (128K),,2448,3.744903,3.744903,0.00,muon-s1-002000-global-k1
2000,control (128K),,2480,3.740792,3.740792,0.00,muon-s1-002000-global-k1
2000,control (128K),,2512,3.732842,3.732842,0.00,muon-s1-002000-global-k1
2000,control (128K),,2544,3.729452,3.729452,0.00,muon-s1-002000-global-k1
2000,control (128K),,2576,3.734069,3.734069,0.00,muon-s1-002000-global-k1
2000,control (128K),,2608,3.724310,3.724310,0.00,muon-s1-002000-global-k1
2000,control (128K),,2640,3.720101,3.720101,0.00,muon-s1-002000-global-k1
2000,control (128K),,2672,3.719962,3.719962,0.00,muon-s1-002000-global-k1
2000,control (128K),,2704,3.719087,3.719087,0.00,muon-s1-002000-global-k1
2000,control (128K),,2736,3.713655,3.713655,0.00,muon-s1-002000-global-k1
2000,control (128K),,2768,3.710581,3.710581,0.00,muon-s1-002000-global-k1
2000,control (128K),,2800,3.706375,3.706375,0.00,muon-s1-002000-global-k1
2000,control (128K),,2832,3.711154,3.711154,0.00,muon-s1-002000-global-k1
2000,control (128K),,2864,3.705450,3.705450,0.00,muon-s1-002000-global-k1
2000,control (128K),,2896,3.698445,3.698445,0.00,muon-s1-002000-global-k1
2000,control (128K),,2928,3.700396,3.700396,0.00,muon-s1-002000-global-k1
2000,control (128K),,2960,3.696118,3.696118,0.00,muon-s1-002000-global-k1
2000,control (128K),,2992,3.690936,3.690936,0.00,muon-s1-002000-global-k1
2000,control (128K),,3024,3.690625,3.690625,0.00,muon-s1-002000-global-k1
2000,fully scaled,,2000,3.791378,3.791378,0.00,muon-s1-002000-matrix-out-k16
2000,fully scaled,,2032,3.803930,3.778693,25.24,muon-s1-002000-matrix-out-k16
2000,fully scaled,,2064,3.827946,3.778607,49.34,muon-s1-002000-matrix-out-k16
2000,fully scaled,,2096,3.829761,3.772778,56.98,muon-s1-002000-matrix-out-k16
2000,fully scaled,,2128,3.855263,3.769352,85.91,muon-s1-002000-matrix-out-k16
2000,fully scaled,,2160,3.862726,3.767303,95.42,muon-s1-002000-matrix-out-k16
2000,fully scaled,,2192,3.849112,3.771039,78.07,muon-s1-002000-matrix-out-k16
2000,fully scaled,,2224,3.857599,3.764587,93.01,muon-s1-002000-matrix-out-k16
2000,fully scaled,,2256,3.857087,3.756377,100.71,muon-s1-002000-matrix-out-k16
2000,fully scaled,,2288,3.859847,3.754234,105.61,muon-s1-002000-matrix-out-k16
2000,fully scaled,,2320,3.860921,3.749790,111.13,muon-s1-002000-matrix-out-k16
2000,fully scaled,,2352,3.852086,3.741251,110.83,muon-s1-002000-matrix-out-k16
2000,fully scaled,,2384,3.846531,3.739825,106.71,muon-s1-002000-matrix-out-k16
2000,fully scaled,,2416,3.842644,3.734230,108.41,muon-s1-002000-matrix-out-k16
2000,fully scaled,,2448,3.845488,3.744903,100.58,muon-s1-002000-matrix-out-k16
2000,fully scaled,,2480,3.832937,3.740792,92.14,muon-s1-002000-matrix-out-k16
2000,fully scaled,,2512,3.822510,3.732842,89.67,muon-s1-002000-matrix-out-k16
2000,fully scaled,,2544,3.816681,3.729452,87.23,muon-s1-002000-matrix-out-k16
2000,fully scaled,,2576,3.804827,3.734069,70.76,muon-s1-002000-matrix-out-k16
2000,fully scaled,,2608,3.793690,3.724310,69.38,muon-s1-002000-matrix-out-k16
2000,fully scaled,,2640,3.803539,3.720101,83.44,muon-s1-002000-matrix-out-k16
2000,fully scaled,,2672,3.794151,3.719962,74.19,muon-s1-002000-matrix-out-k16
2000,fully scaled,,2704,3.786466,3.719087,67.38,muon-s1-002000-matrix-out-k16
2000,fully scaled,,2736,3.774715,3.713655,61.06,muon-s1-002000-matrix-out-k16
2000,fully scaled,,2768,3.769316,3.710581,58.73,muon-s1-002000-matrix-out-k16
2000,fully scaled,,2800,3.765722,3.706375,59.35,muon-s1-002000-matrix-out-k16
2000,fully scaled,,2832,3.756966,3.711154,45.81,muon-s1-002000-matrix-out-k16
2000,fully scaled,,2864,3.748090,3.705450,42.64,muon-s1-002000-matrix-out-k16
2000,fully scaled,,2896,3.750788,3.698445,52.34,muon-s1-002000-matrix-out-k16
2000,fully scaled,,2928,3.763774,3.700396,63.38,muon-s1-002000-matrix-out-k16
2000,fully scaled,,2960,3.750671,3.696118,54.55,muon-s1-002000-matrix-out-k16
2000,fully scaled,,2992,3.749283,3.690936,58.35,muon-s1-002000-matrix-out-k16
2000,fully scaled,,3024,3.748587,3.690625,57.96,muon-s1-002000-matrix-out-k16
2000,top-16 held,16,2000,3.791378,3.791378,0.00,muon-s1-002000-ggn-complement-out-k16-r16
2000,top-16 held,16,2032,3.799735,3.778693,21.04,muon-s1-002000-ggn-complement-out-k16-r16
2000,top-16 held,16,2064,3.824440,3.778607,45.83,muon-s1-002000-ggn-complement-out-k16-r16
2000,top-16 held,16,2096,3.829130,3.772778,56.35,muon-s1-002000-ggn-complement-out-k16-r16
2000,top-16 held,16,2128,3.845373,3.769352,76.02,muon-s1-002000-ggn-complement-out-k16-r16
2000,top-16 held,16,2160,3.856803,3.767303,89.50,muon-s1-002000-ggn-complement-out-k16-r16
2000,top-16 held,16,2192,3.855318,3.771039,84.28,muon-s1-002000-ggn-complement-out-k16-r16
2000,top-16 held,16,2224,3.855452,3.764587,90.86,muon-s1-002000-ggn-complement-out-k16-r16
2000,top-16 held,16,2256,3.856516,3.756377,100.14,muon-s1-002000-ggn-complement-out-k16-r16
2000,top-16 held,16,2288,3.855083,3.754234,100.85,muon-s1-002000-ggn-complement-out-k16-r16
2000,top-16 held,16,2320,3.855882,3.749790,106.09,muon-s1-002000-ggn-complement-out-k16-r16
2000,top-16 held,16,2352,3.853248,3.741251,112.00,muon-s1-002000-ggn-complement-out-k16-r16
2000,top-16 held,16,2384,3.843835,3.739825,104.01,muon-s1-002000-ggn-complement-out-k16-r16
2000,top-16 held,16,2416,3.839381,3.734230,105.15,muon-s1-002000-ggn-complement-out-k16-r16
2000,top-16 held,16,2448,3.846294,3.744903,101.39,muon-s1-002000-ggn-complement-out-k16-r16
2000,top-16 held,16,2480,3.835436,3.740792,94.64,muon-s1-002000-ggn-complement-out-k16-r16
2000,top-16 held,16,2512,3.821113,3.732842,88.27,muon-s1-002000-ggn-complement-out-k16-r16
2000,top-16 held,16,2544,3.812485,3.729452,83.03,muon-s1-002000-ggn-complement-out-k16-r16
2000,top-16 held,16,2576,3.803162,3.734069,69.09,muon-s1-002000-ggn-complement-out-k16-r16
2000,top-16 held,16,2608,3.792451,3.724310,68.14,muon-s1-002000-ggn-complement-out-k16-r16
2000,top-16 held,16,2640,3.791231,3.720101,71.13,muon-s1-002000-ggn-complement-out-k16-r16
2000,top-16 held,16,2672,3.788376,3.719962,68.41,muon-s1-002000-ggn-complement-out-k16-r16
2000,top-16 held,16,2704,3.783674,3.719087,64.59,muon-s1-002000-ggn-complement-out-k16-r16
2000,top-16 held,16,2736,3.772302,3.713655,58.65,muon-s1-002000-ggn-complement-out-k16-r16
2000,top-16 held,16,2768,3.772104,3.710581,61.52,muon-s1-002000-ggn-complement-out-k16-r16
2000,top-16 held,16,2800,3.764267,3.706375,57.89,muon-s1-002000-ggn-complement-out-k16-r16
2000,top-16 held,16,2832,3.753794,3.711154,42.64,muon-s1-002000-ggn-complement-out-k16-r16
2000,top-16 held,16,2864,3.751274,3.705450,45.82,muon-s1-002000-ggn-complement-out-k16-r16
2000,top-16 held,16,2896,3.751569,3.698445,53.12,muon-s1-002000-ggn-complement-out-k16-r16
2000,top-16 held,16,2928,3.754786,3.700396,54.39,muon-s1-002000-ggn-complement-out-k16-r16
2000,top-16 held,16,2960,3.740324,3.696118,44.21,muon-s1-002000-ggn-complement-out-k16-r16
2000,top-16 held,16,2992,3.739585,3.690936,48.65,muon-s1-002000-ggn-complement-out-k16-r16
2000,top-16 held,16,3024,3.741676,3.690625,51.05,muon-s1-002000-ggn-complement-out-k16-r16
2000,top-64 held,64,2000,3.791378,3.791378,0.00,muon-s1-002000-ggn-complement-out-k16-r64
2000,top-64 held,64,2032,3.799605,3.778693,20.91,muon-s1-002000-ggn-complement-out-k16-r64
2000,top-64 held,64,2064,3.825051,3.778607,46.44,muon-s1-002000-ggn-complement-out-k16-r64
2000,top-64 held,64,2096,3.829256,3.772778,56.48,muon-s1-002000-ggn-complement-out-k16-r64
2000,top-64 held,64,2128,3.844753,3.769352,75.40,muon-s1-002000-ggn-complement-out-k16-r64
2000,top-64 held,64,2160,3.854220,3.767303,86.92,muon-s1-002000-ggn-complement-out-k16-r64
2000,top-64 held,64,2192,3.851073,3.771039,80.03,muon-s1-002000-ggn-complement-out-k16-r64
2000,top-64 held,64,2224,3.852191,3.764587,87.60,muon-s1-002000-ggn-complement-out-k16-r64
2000,top-64 held,64,2256,3.853954,3.756377,97.58,muon-s1-002000-ggn-complement-out-k16-r64
2000,top-64 held,64,2288,3.850858,3.754234,96.62,muon-s1-002000-ggn-complement-out-k16-r64
2000,top-64 held,64,2320,3.850881,3.749790,101.09,muon-s1-002000-ggn-complement-out-k16-r64
2000,top-64 held,64,2352,3.847033,3.741251,105.78,muon-s1-002000-ggn-complement-out-k16-r64
2000,top-64 held,64,2384,3.839210,3.739825,99.39,muon-s1-002000-ggn-complement-out-k16-r64
2000,top-64 held,64,2416,3.835025,3.734230,100.80,muon-s1-002000-ggn-complement-out-k16-r64
2000,top-64 held,64,2448,3.839612,3.744903,94.71,muon-s1-002000-ggn-complement-out-k16-r64
2000,top-64 held,64,2480,3.833180,3.740792,92.39,muon-s1-002000-ggn-complement-out-k16-r64
2000,top-64 held,64,2512,3.816042,3.732842,83.20,muon-s1-002000-ggn-complement-out-k16-r64
2000,top-64 held,64,2544,3.806788,3.729452,77.34,muon-s1-002000-ggn-complement-out-k16-r64
2000,top-64 held,64,2576,3.802940,3.734069,68.87,muon-s1-002000-ggn-complement-out-k16-r64
2000,top-64 held,64,2608,3.791645,3.724310,67.33,muon-s1-002000-ggn-complement-out-k16-r64
2000,top-64 held,64,2640,3.791603,3.720101,71.50,muon-s1-002000-ggn-complement-out-k16-r64
2000,top-64 held,64,2672,3.791479,3.719962,71.52,muon-s1-002000-ggn-complement-out-k16-r64
2000,top-64 held,64,2704,3.785508,3.719087,66.42,muon-s1-002000-ggn-complement-out-k16-r64
2000,top-64 held,64,2736,3.776461,3.713655,62.81,muon-s1-002000-ggn-complement-out-k16-r64
2000,top-64 held,64,2768,3.776576,3.710581,66.00,muon-s1-002000-ggn-complement-out-k16-r64
2000,top-64 held,64,2800,3.763618,3.706375,57.24,muon-s1-002000-ggn-complement-out-k16-r64
2000,top-64 held,64,2832,3.759521,3.711154,48.37,muon-s1-002000-ggn-complement-out-k16-r64
2000,top-64 held,64,2864,3.748474,3.705450,43.02,muon-s1-002000-ggn-complement-out-k16-r64
2000,top-64 held,64,2896,3.745869,3.698445,47.42,muon-s1-002000-ggn-complement-out-k16-r64
2000,top-64 held,64,2928,3.741113,3.700396,40.72,muon-s1-002000-ggn-complement-out-k16-r64
2000,top-64 held,64,2960,3.738234,3.696118,42.12,muon-s1-002000-ggn-complement-out-k16-r64
2000,top-64 held,64,2992,3.732418,3.690936,41.48,muon-s1-002000-ggn-complement-out-k16-r64
2000,top-64 held,64,3024,3.736334,3.690625,45.71,muon-s1-002000-ggn-complement-out-k16-r64
2000,top-128 held,128,2000,3.791378,3.791378,0.00,muon-s1-002000-ggn-complement-out-k16-r128
2000,top-128 held,128,2032,3.800056,3.778693,21.36,muon-s1-002000-ggn-complement-out-k16-r128
2000,top-128 held,128,2064,3.823838,3.778607,45.23,muon-s1-002000-ggn-complement-out-k16-r128
2000,top-128 held,128,2096,3.829630,3.772778,56.85,muon-s1-002000-ggn-complement-out-k16-r128
2000,top-128 held,128,2128,3.844040,3.769352,74.69,muon-s1-002000-ggn-complement-out-k16-r128
2000,top-128 held,128,2160,3.853043,3.767303,85.74,muon-s1-002000-ggn-complement-out-k16-r128
2000,top-128 held,128,2192,3.850491,3.771039,79.45,muon-s1-002000-ggn-complement-out-k16-r128
2000,top-128 held,128,2224,3.848351,3.764587,83.76,muon-s1-002000-ggn-complement-out-k16-r128
2000,top-128 held,128,2256,3.848819,3.756377,92.44,muon-s1-002000-ggn-complement-out-k16-r128
2000,top-128 held,128,2288,3.845835,3.754234,91.60,muon-s1-002000-ggn-complement-out-k16-r128
2000,top-128 held,128,2320,3.846200,3.749790,96.41,muon-s1-002000-ggn-complement-out-k16-r128
2000,top-128 held,128,2352,3.845146,3.741251,103.89,muon-s1-002000-ggn-complement-out-k16-r128
2000,top-128 held,128,2384,3.835490,3.739825,95.67,muon-s1-002000-ggn-complement-out-k16-r128
2000,top-128 held,128,2416,3.828088,3.734230,93.86,muon-s1-002000-ggn-complement-out-k16-r128
2000,top-128 held,128,2448,3.837544,3.744903,92.64,muon-s1-002000-ggn-complement-out-k16-r128
2000,top-128 held,128,2480,3.829683,3.740792,88.89,muon-s1-002000-ggn-complement-out-k16-r128
2000,top-128 held,128,2512,3.812046,3.732842,79.20,muon-s1-002000-ggn-complement-out-k16-r128
2000,top-128 held,128,2544,3.804222,3.729452,74.77,muon-s1-002000-ggn-complement-out-k16-r128
2000,top-128 held,128,2576,3.798607,3.734069,64.54,muon-s1-002000-ggn-complement-out-k16-r128
2000,top-128 held,128,2608,3.789143,3.724310,64.83,muon-s1-002000-ggn-complement-out-k16-r128
2000,top-128 held,128,2640,3.789356,3.720101,69.26,muon-s1-002000-ggn-complement-out-k16-r128
2000,top-128 held,128,2672,3.786365,3.719962,66.40,muon-s1-002000-ggn-complement-out-k16-r128
2000,top-128 held,128,2704,3.780257,3.719087,61.17,muon-s1-002000-ggn-complement-out-k16-r128
2000,top-128 held,128,2736,3.776226,3.713655,62.57,muon-s1-002000-ggn-complement-out-k16-r128
2000,top-128 held,128,2768,3.770150,3.710581,59.57,muon-s1-002000-ggn-complement-out-k16-r128
2000,top-128 held,128,2800,3.760080,3.706375,53.71,muon-s1-002000-ggn-complement-out-k16-r128
2000,top-128 held,128,2832,3.755253,3.711154,44.10,muon-s1-002000-ggn-complement-out-k16-r128
2000,top-128 held,128,2864,3.744932,3.705450,39.48,muon-s1-002000-ggn-complement-out-k16-r128
2000,top-128 held,128,2896,3.744990,3.698445,46.55,muon-s1-002000-ggn-complement-out-k16-r128
2000,top-128 held,128,2928,3.749964,3.700396,49.57,muon-s1-002000-ggn-complement-out-k16-r128
2000,top-128 held,128,2960,3.729718,3.696118,33.60,muon-s1-002000-ggn-complement-out-k16-r128
2000,top-128 held,128,2992,3.727175,3.690936,36.24,muon-s1-002000-ggn-complement-out-k16-r128
2000,top-128 held,128,3024,3.729357,3.690625,38.73,muon-s1-002000-ggn-complement-out-k16-r128
2000,top-256 held,256,2000,3.791378,3.791378,0.00,muon-s1-002000-ggn-complement-out-k16-r256
2000,top-256 held,256,2032,3.800997,3.778693,22.30,muon-s1-002000-ggn-complement-out-k16-r256
2000,top-256 held,256,2064,3.824354,3.778607,45.75,muon-s1-002000-ggn-complement-out-k16-r256
2000,top-256 held,256,2096,3.829408,3.772778,56.63,muon-s1-002000-ggn-complement-out-k16-r256
2000,top-256 held,256,2128,3.844347,3.769352,75.00,muon-s1-002000-ggn-complement-out-k16-r256
2000,top-256 held,256,2160,3.851450,3.767303,84.15,muon-s1-002000-ggn-complement-out-k16-r256
2000,top-256 held,256,2192,3.849929,3.771039,78.89,muon-s1-002000-ggn-complement-out-k16-r256
2000,top-256 held,256,2224,3.846151,3.764587,81.56,muon-s1-002000-ggn-complement-out-k16-r256
2000,top-256 held,256,2256,3.845989,3.756377,89.61,muon-s1-002000-ggn-complement-out-k16-r256
2000,top-256 held,256,2288,3.840108,3.754234,85.87,muon-s1-002000-ggn-complement-out-k16-r256
2000,top-256 held,256,2320,3.843039,3.749790,93.25,muon-s1-002000-ggn-complement-out-k16-r256
2000,top-256 held,256,2352,3.843831,3.741251,102.58,muon-s1-002000-ggn-complement-out-k16-r256
2000,top-256 held,256,2384,3.833227,3.739825,93.40,muon-s1-002000-ggn-complement-out-k16-r256
2000,top-256 held,256,2416,3.826011,3.734230,91.78,muon-s1-002000-ggn-complement-out-k16-r256
2000,top-256 held,256,2448,3.830849,3.744903,85.95,muon-s1-002000-ggn-complement-out-k16-r256
2000,top-256 held,256,2480,3.821014,3.740792,80.22,muon-s1-002000-ggn-complement-out-k16-r256
2000,top-256 held,256,2512,3.809266,3.732842,76.42,muon-s1-002000-ggn-complement-out-k16-r256
2000,top-256 held,256,2544,3.801494,3.729452,72.04,muon-s1-002000-ggn-complement-out-k16-r256
2000,top-256 held,256,2576,3.793056,3.734069,58.99,muon-s1-002000-ggn-complement-out-k16-r256
2000,top-256 held,256,2608,3.782089,3.724310,57.78,muon-s1-002000-ggn-complement-out-k16-r256
2000,top-256 held,256,2640,3.780409,3.720101,60.31,muon-s1-002000-ggn-complement-out-k16-r256
2000,top-256 held,256,2672,3.779989,3.719962,60.03,muon-s1-002000-ggn-complement-out-k16-r256
2000,top-256 held,256,2704,3.774020,3.719087,54.93,muon-s1-002000-ggn-complement-out-k16-r256
2000,top-256 held,256,2736,3.770429,3.713655,56.77,muon-s1-002000-ggn-complement-out-k16-r256
2000,top-256 held,256,2768,3.769077,3.710581,58.50,muon-s1-002000-ggn-complement-out-k16-r256
2000,top-256 held,256,2800,3.756582,3.706375,50.21,muon-s1-002000-ggn-complement-out-k16-r256
2000,top-256 held,256,2832,3.750521,3.711154,39.37,muon-s1-002000-ggn-complement-out-k16-r256
2000,top-256 held,256,2864,3.741140,3.705450,35.69,muon-s1-002000-ggn-complement-out-k16-r256
2000,top-256 held,256,2896,3.740204,3.698445,41.76,muon-s1-002000-ggn-complement-out-k16-r256
2000,top-256 held,256,2928,3.738830,3.700396,38.43,muon-s1-002000-ggn-complement-out-k16-r256
2000,top-256 held,256,2960,3.729194,3.696118,33.08,muon-s1-002000-ggn-complement-out-k16-r256
2000,top-256 held,256,2992,3.727482,3.690936,36.55,muon-s1-002000-ggn-complement-out-k16-r256
2000,top-256 held,256,3024,3.728788,3.690625,38.16,muon-s1-002000-ggn-complement-out-k16-r256
2000,top-768 held,768,2000,3.791378,3.791378,0.00,muon-s1-002000-ggn-complement-out-k16-r768
2000,top-768 held,768,2032,3.801362,3.778693,22.67,muon-s1-002000-ggn-complement-out-k16-r768
2000,top-768 held,768,2064,3.824536,3.778607,45.93,muon-s1-002000-ggn-complement-out-k16-r768
2000,top-768 held,768,2096,3.828894,3.772778,56.12,muon-s1-002000-ggn-complement-out-k16-r768
2000,top-768 held,768,2128,3.844471,3.769352,75.12,muon-s1-002000-ggn-complement-out-k16-r768
2000,top-768 held,768,2160,3.851540,3.767303,84.24,muon-s1-002000-ggn-complement-out-k16-r768
2000,top-768 held,768,2192,3.847924,3.771039,76.88,muon-s1-002000-ggn-complement-out-k16-r768
2000,top-768 held,768,2224,3.843419,3.764587,78.83,muon-s1-002000-ggn-complement-out-k16-r768
2000,top-768 held,768,2256,3.844788,3.756377,88.41,muon-s1-002000-ggn-complement-out-k16-r768
2000,top-768 held,768,2288,3.838331,3.754234,84.10,muon-s1-002000-ggn-complement-out-k16-r768
2000,top-768 held,768,2320,3.836946,3.749790,87.16,muon-s1-002000-ggn-complement-out-k16-r768
2000,top-768 held,768,2352,3.835726,3.741251,94.48,muon-s1-002000-ggn-complement-out-k16-r768
2000,top-768 held,768,2384,3.824869,3.739825,85.04,muon-s1-002000-ggn-complement-out-k16-r768
2000,top-768 held,768,2416,3.819086,3.734230,84.86,muon-s1-002000-ggn-complement-out-k16-r768
2000,top-768 held,768,2448,3.826122,3.744903,81.22,muon-s1-002000-ggn-complement-out-k16-r768
2000,top-768 held,768,2480,3.816636,3.740792,75.84,muon-s1-002000-ggn-complement-out-k16-r768
2000,top-768 held,768,2512,3.800658,3.732842,67.82,muon-s1-002000-ggn-complement-out-k16-r768
2000,top-768 held,768,2544,3.795008,3.729452,65.56,muon-s1-002000-ggn-complement-out-k16-r768
2000,top-768 held,768,2576,3.790948,3.734069,56.88,muon-s1-002000-ggn-complement-out-k16-r768
2000,top-768 held,768,2608,3.781574,3.724310,57.26,muon-s1-002000-ggn-complement-out-k16-r768
2000,top-768 held,768,2640,3.777034,3.720101,56.93,muon-s1-002000-ggn-complement-out-k16-r768
2000,top-768 held,768,2672,3.776456,3.719962,56.49,muon-s1-002000-ggn-complement-out-k16-r768
2000,top-768 held,768,2704,3.769907,3.719087,50.82,muon-s1-002000-ggn-complement-out-k16-r768
2000,top-768 held,768,2736,3.761990,3.713655,48.34,muon-s1-002000-ggn-complement-out-k16-r768
2000,top-768 held,768,2768,3.758776,3.710581,48.19,muon-s1-002000-ggn-complement-out-k16-r768
2000,top-768 held,768,2800,3.746197,3.706375,39.82,muon-s1-002000-ggn-complement-out-k16-r768
2000,top-768 held,768,2832,3.747218,3.711154,36.06,muon-s1-002000-ggn-complement-out-k16-r768
2000,top-768 held,768,2864,3.735014,3.705450,29.56,muon-s1-002000-ggn-complement-out-k16-r768
2000,top-768 held,768,2896,3.739297,3.698445,40.85,muon-s1-002000-ggn-complement-out-k16-r768
2000,top-768 held,768,2928,3.740756,3.700396,40.36,muon-s1-002000-ggn-complement-out-k16-r768
2000,top-768 held,768,2960,3.726135,3.696118,30.02,muon-s1-002000-ggn-complement-out-k16-r768
2000,top-768 held,768,2992,3.719994,3.690936,29.06,muon-s1-002000-ggn-complement-out-k16-r768
2000,top-768 held,768,3024,3.719549,3.690625,28.92,muon-s1-002000-ggn-complement-out-k16-r768
2000,random-768 held,768,2000,3.791378,3.791378,0.00,muon-s1-002000-ggn-random-complement-out-k16-r768
2000,random-768 held,768,2032,3.803963,3.778693,25.27,muon-s1-002000-ggn-random-complement-out-k16-r768
2000,random-768 held,768,2064,3.828080,3.778607,49.47,muon-s1-002000-ggn-random-complement-out-k16-r768
2000,random-768 held,768,2096,3.829656,3.772778,56.88,muon-s1-002000-ggn-random-complement-out-k16-r768
2000,random-768 held,768,2128,3.855173,3.769352,85.82,muon-s1-002000-ggn-random-complement-out-k16-r768
2000,random-768 held,768,2160,3.862527,3.767303,95.22,muon-s1-002000-ggn-random-complement-out-k16-r768
2000,random-768 held,768,2192,3.849600,3.771039,78.56,muon-s1-002000-ggn-random-complement-out-k16-r768
2000,random-768 held,768,2224,3.857884,3.764587,93.30,muon-s1-002000-ggn-random-complement-out-k16-r768
2000,random-768 held,768,2256,3.857471,3.756377,101.09,muon-s1-002000-ggn-random-complement-out-k16-r768
2000,random-768 held,768,2288,3.859038,3.754234,104.80,muon-s1-002000-ggn-random-complement-out-k16-r768
2000,random-768 held,768,2320,3.860183,3.749790,110.39,muon-s1-002000-ggn-random-complement-out-k16-r768
2000,random-768 held,768,2352,3.851654,3.741251,110.40,muon-s1-002000-ggn-random-complement-out-k16-r768
2000,random-768 held,768,2384,3.846046,3.739825,106.22,muon-s1-002000-ggn-random-complement-out-k16-r768
2000,random-768 held,768,2416,3.843333,3.734230,109.10,muon-s1-002000-ggn-random-complement-out-k16-r768
2000,random-768 held,768,2448,3.845402,3.744903,100.50,muon-s1-002000-ggn-random-complement-out-k16-r768
2000,random-768 held,768,2480,3.832493,3.740792,91.70,muon-s1-002000-ggn-random-complement-out-k16-r768
2000,random-768 held,768,2512,3.822654,3.732842,89.81,muon-s1-002000-ggn-random-complement-out-k16-r768
2000,random-768 held,768,2544,3.816576,3.729452,87.12,muon-s1-002000-ggn-random-complement-out-k16-r768
2000,random-768 held,768,2576,3.805069,3.734069,71.00,muon-s1-002000-ggn-random-complement-out-k16-r768
2000,random-768 held,768,2608,3.793240,3.724310,68.93,muon-s1-002000-ggn-random-complement-out-k16-r768
2000,random-768 held,768,2640,3.802557,3.720101,82.46,muon-s1-002000-ggn-random-complement-out-k16-r768
2000,random-768 held,768,2672,3.793255,3.719962,73.29,muon-s1-002000-ggn-random-complement-out-k16-r768
2000,random-768 held,768,2704,3.786475,3.719087,67.39,muon-s1-002000-ggn-random-complement-out-k16-r768
2000,random-768 held,768,2736,3.775653,3.713655,62.00,muon-s1-002000-ggn-random-complement-out-k16-r768
2000,random-768 held,768,2768,3.769963,3.710581,59.38,muon-s1-002000-ggn-random-complement-out-k16-r768
2000,random-768 held,768,2800,3.766242,3.706375,59.87,muon-s1-002000-ggn-random-complement-out-k16-r768
2000,random-768 held,768,2832,3.756345,3.711154,45.19,muon-s1-002000-ggn-random-complement-out-k16-r768
2000,random-768 held,768,2864,3.749501,3.705450,44.05,muon-s1-002000-ggn-random-complement-out-k16-r768
2000,random-768 held,768,2896,3.752633,3.698445,54.19,muon-s1-002000-ggn-random-complement-out-k16-r768
2000,random-768 held,768,2928,3.763021,3.700396,62.62,muon-s1-002000-ggn-random-complement-out-k16-r768
2000,random-768 held,768,2960,3.750694,3.696118,54.58,muon-s1-002000-ggn-random-complement-out-k16-r768
2000,random-768 held,768,2992,3.751562,3.690936,60.63,muon-s1-002000-ggn-random-complement-out-k16-r768
2000,random-768 held,768,3024,3.747794,3.690625,57.17,muon-s1-002000-ggn-random-complement-out-k16-r768
3000,control (128K),,3000,3.693508,3.693508,0.00,muon-s1-003000-global-k1
3000,control (128K),,3032,3.693420,3.693420,0.00,muon-s1-003000-global-k1
3000,control (128K),,3064,3.684440,3.684440,0.00,muon-s1-003000-global-k1
3000,control (128K),,3096,3.688570,3.688570,0.00,muon-s1-003000-global-k1
3000,control (128K),,3128,3.682001,3.682001,0.00,muon-s1-003000-global-k1
3000,control (128K),,3160,3.674003,3.674003,0.00,muon-s1-003000-global-k1
3000,control (128K),,3192,3.677744,3.677744,0.00,muon-s1-003000-global-k1
3000,control (128K),,3224,3.675572,3.675572,0.00,muon-s1-003000-global-k1
3000,control (128K),,3256,3.672218,3.672218,0.00,muon-s1-003000-global-k1
3000,control (128K),,3288,3.668891,3.668891,0.00,muon-s1-003000-global-k1
3000,control (128K),,3320,3.670659,3.670659,0.00,muon-s1-003000-global-k1
3000,control (128K),,3352,3.664555,3.664555,0.00,muon-s1-003000-global-k1
3000,control (128K),,3384,3.662112,3.662112,0.00,muon-s1-003000-global-k1
3000,control (128K),,3416,3.658073,3.658073,0.00,muon-s1-003000-global-k1
3000,control (128K),,3448,3.658850,3.658850,0.00,muon-s1-003000-global-k1
3000,control (128K),,3480,3.661689,3.661689,0.00,muon-s1-003000-global-k1
3000,control (128K),,3512,3.657874,3.657874,0.00,muon-s1-003000-global-k1
3000,control (128K),,3544,3.655041,3.655041,0.00,muon-s1-003000-global-k1
3000,control (128K),,3576,3.654493,3.654493,0.00,muon-s1-003000-global-k1
3000,control (128K),,3608,3.650350,3.650350,0.00,muon-s1-003000-global-k1
3000,control (128K),,3640,3.644931,3.644931,0.00,muon-s1-003000-global-k1
3000,control (128K),,3672,3.645599,3.645599,0.00,muon-s1-003000-global-k1
3000,control (128K),,3704,3.640223,3.640223,0.00,muon-s1-003000-global-k1
3000,control (128K),,3736,3.644730,3.644730,0.00,muon-s1-003000-global-k1
3000,control (128K),,3768,3.639347,3.639347,0.00,muon-s1-003000-global-k1
3000,control (128K),,3800,3.640128,3.640128,0.00,muon-s1-003000-global-k1
3000,control (128K),,3832,3.638106,3.638106,0.00,muon-s1-003000-global-k1
3000,control (128K),,3864,3.637267,3.637267,0.00,muon-s1-003000-global-k1
3000,control (128K),,3896,3.634459,3.634459,0.00,muon-s1-003000-global-k1
3000,control (128K),,3928,3.633461,3.633461,0.00,muon-s1-003000-global-k1
3000,control (128K),,3960,3.635494,3.635494,0.00,muon-s1-003000-global-k1
3000,control (128K),,3992,3.628569,3.628569,0.00,muon-s1-003000-global-k1
3000,control (128K),,4024,3.624769,3.624769,0.00,muon-s1-003000-global-k1
3000,fully scaled,,3000,3.693508,3.693508,0.00,muon-s1-003000-matrix-out-k16
3000,fully scaled,,3032,3.711999,3.693420,18.58,muon-s1-003000-matrix-out-k16
3000,fully scaled,,3064,3.717842,3.684440,33.40,muon-s1-003000-matrix-out-k16
3000,fully scaled,,3096,3.745243,3.688570,56.67,muon-s1-003000-matrix-out-k16
3000,fully scaled,,3128,3.745432,3.682001,63.43,muon-s1-003000-matrix-out-k16
3000,fully scaled,,3160,3.745406,3.674003,71.40,muon-s1-003000-matrix-out-k16
3000,fully scaled,,3192,3.760544,3.677744,82.80,muon-s1-003000-matrix-out-k16
3000,fully scaled,,3224,3.761614,3.675572,86.04,muon-s1-003000-matrix-out-k16
3000,fully scaled,,3256,3.764916,3.672218,92.70,muon-s1-003000-matrix-out-k16
3000,fully scaled,,3288,3.766184,3.668891,97.29,muon-s1-003000-matrix-out-k16
3000,fully scaled,,3320,3.766049,3.670659,95.39,muon-s1-003000-matrix-out-k16
3000,fully scaled,,3352,3.752565,3.664555,88.01,muon-s1-003000-matrix-out-k16
3000,fully scaled,,3384,3.751927,3.662112,89.81,muon-s1-003000-matrix-out-k16
3000,fully scaled,,3416,3.747855,3.658073,89.78,muon-s1-003000-matrix-out-k16
3000,fully scaled,,3448,3.745584,3.658850,86.73,muon-s1-003000-matrix-out-k16
3000,fully scaled,,3480,3.739770,3.661689,78.08,muon-s1-003000-matrix-out-k16
3000,fully scaled,,3512,3.732232,3.657874,74.36,muon-s1-003000-matrix-out-k16
3000,fully scaled,,3544,3.731600,3.655041,76.56,muon-s1-003000-matrix-out-k16
3000,fully scaled,,3576,3.722218,3.654493,67.73,muon-s1-003000-matrix-out-k16
3000,fully scaled,,3608,3.715340,3.650350,64.99,muon-s1-003000-matrix-out-k16
3000,fully scaled,,3640,3.713546,3.644931,68.61,muon-s1-003000-matrix-out-k16
3000,fully scaled,,3672,3.704751,3.645599,59.15,muon-s1-003000-matrix-out-k16
3000,fully scaled,,3704,3.697672,3.640223,57.45,muon-s1-003000-matrix-out-k16
3000,fully scaled,,3736,3.694018,3.644730,49.29,muon-s1-003000-matrix-out-k16
3000,fully scaled,,3768,3.687972,3.639347,48.62,muon-s1-003000-matrix-out-k16
3000,fully scaled,,3800,3.687640,3.640128,47.51,muon-s1-003000-matrix-out-k16
3000,fully scaled,,3832,3.683053,3.638106,44.95,muon-s1-003000-matrix-out-k16
3000,fully scaled,,3864,3.682321,3.637267,45.05,muon-s1-003000-matrix-out-k16
3000,fully scaled,,3896,3.675094,3.634459,40.64,muon-s1-003000-matrix-out-k16
3000,fully scaled,,3928,3.668391,3.633461,34.93,muon-s1-003000-matrix-out-k16
3000,fully scaled,,3960,3.669509,3.635494,34.01,muon-s1-003000-matrix-out-k16
3000,fully scaled,,3992,3.661014,3.628569,32.45,muon-s1-003000-matrix-out-k16
3000,fully scaled,,4024,3.660978,3.624769,36.21,muon-s1-003000-matrix-out-k16
3000,top-16 held,16,3000,3.693508,3.693508,0.00,muon-s1-003000-preggn-complement-out-k16-r16
3000,top-16 held,16,3032,3.714732,3.693420,21.31,muon-s1-003000-preggn-complement-out-k16-r16
3000,top-16 held,16,3064,3.722233,3.684440,37.79,muon-s1-003000-preggn-complement-out-k16-r16
3000,top-16 held,16,3096,3.745096,3.688570,56.53,muon-s1-003000-preggn-complement-out-k16-r16
3000,top-16 held,16,3128,3.749134,3.682001,67.13,muon-s1-003000-preggn-complement-out-k16-r16
3000,top-16 held,16,3160,3.749308,3.674003,75.30,muon-s1-003000-preggn-complement-out-k16-r16
3000,top-16 held,16,3192,3.753854,3.677744,76.11,muon-s1-003000-preggn-complement-out-k16-r16
3000,top-16 held,16,3224,3.756628,3.675572,81.06,muon-s1-003000-preggn-complement-out-k16-r16
3000,top-16 held,16,3256,3.761656,3.672218,89.44,muon-s1-003000-preggn-complement-out-k16-r16
3000,top-16 held,16,3288,3.759130,3.668891,90.24,muon-s1-003000-preggn-complement-out-k16-r16
3000,top-16 held,16,3320,3.762061,3.670659,91.40,muon-s1-003000-preggn-complement-out-k16-r16
3000,top-16 held,16,3352,3.752111,3.664555,87.56,muon-s1-003000-preggn-complement-out-k16-r16
3000,top-16 held,16,3384,3.749896,3.662112,87.78,muon-s1-003000-preggn-complement-out-k16-r16
3000,top-16 held,16,3416,3.745997,3.658073,87.92,muon-s1-003000-preggn-complement-out-k16-r16
3000,top-16 held,16,3448,3.737120,3.658850,78.27,muon-s1-003000-preggn-complement-out-k16-r16
3000,top-16 held,16,3480,3.734376,3.661689,72.69,muon-s1-003000-preggn-complement-out-k16-r16
3000,top-16 held,16,3512,3.726379,3.657874,68.51,muon-s1-003000-preggn-complement-out-k16-r16
3000,top-16 held,16,3544,3.726808,3.655041,71.77,muon-s1-003000-preggn-complement-out-k16-r16
3000,top-16 held,16,3576,3.721327,3.654493,66.83,muon-s1-003000-preggn-complement-out-k16-r16
3000,top-16 held,16,3608,3.716189,3.650350,65.84,muon-s1-003000-preggn-complement-out-k16-r16
3000,top-16 held,16,3640,3.710232,3.644931,65.30,muon-s1-003000-preggn-complement-out-k16-r16
3000,top-16 held,16,3672,3.707151,3.645599,61.55,muon-s1-003000-preggn-complement-out-k16-r16
3000,top-16 held,16,3704,3.699360,3.640223,59.14,muon-s1-003000-preggn-complement-out-k16-r16
3000,top-16 held,16,3736,3.694309,3.644730,49.58,muon-s1-003000-preggn-complement-out-k16-r16
3000,top-16 held,16,3768,3.687623,3.639347,48.28,muon-s1-003000-preggn-complement-out-k16-r16
3000,top-16 held,16,3800,3.687536,3.640128,47.41,muon-s1-003000-preggn-complement-out-k16-r16
3000,top-16 held,16,3832,3.681252,3.638106,43.15,muon-s1-003000-preggn-complement-out-k16-r16
3000,top-16 held,16,3864,3.676617,3.637267,39.35,muon-s1-003000-preggn-complement-out-k16-r16
3000,top-16 held,16,3896,3.670356,3.634459,35.90,muon-s1-003000-preggn-complement-out-k16-r16
3000,top-16 held,16,3928,3.669705,3.633461,36.24,muon-s1-003000-preggn-complement-out-k16-r16
3000,top-16 held,16,3960,3.668303,3.635494,32.81,muon-s1-003000-preggn-complement-out-k16-r16
3000,top-16 held,16,3992,3.663208,3.628569,34.64,muon-s1-003000-preggn-complement-out-k16-r16
3000,top-16 held,16,4024,3.659649,3.624769,34.88,muon-s1-003000-preggn-complement-out-k16-r16
3000,top-64 held,64,3000,3.693508,3.693508,0.00,muon-s1-003000-ggn-complement-out-k16-r64
3000,top-64 held,64,3032,3.717374,3.693420,23.95,muon-s1-003000-ggn-complement-out-k16-r64
3000,top-64 held,64,3064,3.723284,3.684440,38.84,muon-s1-003000-ggn-complement-out-k16-r64
3000,top-64 held,64,3096,3.743680,3.688570,55.11,muon-s1-003000-ggn-complement-out-k16-r64
3000,top-64 held,64,3128,3.744916,3.682001,62.92,muon-s1-003000-ggn-complement-out-k16-r64
3000,top-64 held,64,3160,3.746994,3.674003,72.99,muon-s1-003000-ggn-complement-out-k16-r64
3000,top-64 held,64,3192,3.751616,3.677744,73.87,muon-s1-003000-ggn-complement-out-k16-r64
3000,top-64 held,64,3224,3.752491,3.675572,76.92,muon-s1-003000-ggn-complement-out-k16-r64
3000,top-64 held,64,3256,3.755185,3.672218,82.97,muon-s1-003000-ggn-complement-out-k16-r64
3000,top-64 held,64,3288,3.759287,3.668891,90.40,muon-s1-003000-ggn-complement-out-k16-r64
3000,top-64 held,64,3320,3.759429,3.670659,88.77,muon-s1-003000-ggn-complement-out-k16-r64
3000,top-64 held,64,3352,3.749275,3.664555,84.72,muon-s1-003000-ggn-complement-out-k16-r64
3000,top-64 held,64,3384,3.748684,3.662112,86.57,muon-s1-003000-ggn-complement-out-k16-r64
3000,top-64 held,64,3416,3.741327,3.658073,83.25,muon-s1-003000-ggn-complement-out-k16-r64
3000,top-64 held,64,3448,3.734764,3.658850,75.91,muon-s1-003000-ggn-complement-out-k16-r64
3000,top-64 held,64,3480,3.730689,3.661689,69.00,muon-s1-003000-ggn-complement-out-k16-r64
3000,top-64 held,64,3512,3.723674,3.657874,65.80,muon-s1-003000-ggn-complement-out-k16-r64
3000,top-64 held,64,3544,3.720341,3.655041,65.30,muon-s1-003000-ggn-complement-out-k16-r64
3000,top-64 held,64,3576,3.714570,3.654493,60.08,muon-s1-003000-ggn-complement-out-k16-r64
3000,top-64 held,64,3608,3.713623,3.650350,63.27,muon-s1-003000-ggn-complement-out-k16-r64
3000,top-64 held,64,3640,3.704102,3.644931,59.17,muon-s1-003000-ggn-complement-out-k16-r64
3000,top-64 held,64,3672,3.701021,3.645599,55.42,muon-s1-003000-ggn-complement-out-k16-r64
3000,top-64 held,64,3704,3.691041,3.640223,50.82,muon-s1-003000-ggn-complement-out-k16-r64
3000,top-64 held,64,3736,3.689025,3.644730,44.29,muon-s1-003000-ggn-complement-out-k16-r64
3000,top-64 held,64,3768,3.681797,3.639347,42.45,muon-s1-003000-ggn-complement-out-k16-r64
3000,top-64 held,64,3800,3.680866,3.640128,40.74,muon-s1-003000-ggn-complement-out-k16-r64
3000,top-64 held,64,3832,3.679156,3.638106,41.05,muon-s1-003000-ggn-complement-out-k16-r64
3000,top-64 held,64,3864,3.673124,3.637267,35.86,muon-s1-003000-ggn-complement-out-k16-r64
3000,top-64 held,64,3896,3.665590,3.634459,31.13,muon-s1-003000-ggn-complement-out-k16-r64
3000,top-64 held,64,3928,3.664622,3.633461,31.16,muon-s1-003000-ggn-complement-out-k16-r64
3000,top-64 held,64,3960,3.665123,3.635494,29.63,muon-s1-003000-ggn-complement-out-k16-r64
3000,top-64 held,64,3992,3.654163,3.628569,25.59,muon-s1-003000-ggn-complement-out-k16-r64
3000,top-64 held,64,4024,3.652191,3.624769,27.42,muon-s1-003000-ggn-complement-out-k16-r64
3000,top-128 held,128,3000,3.693508,3.693508,0.00,muon-s1-003000-ggn-complement-out-k16-r128
3000,top-128 held,128,3032,3.717974,3.693420,24.55,muon-s1-003000-ggn-complement-out-k16-r128
3000,top-128 held,128,3064,3.723496,3.684440,39.06,muon-s1-003000-ggn-complement-out-k16-r128
3000,top-128 held,128,3096,3.743620,3.688570,55.05,muon-s1-003000-ggn-complement-out-k16-r128
3000,top-128 held,128,3128,3.744414,3.682001,62.41,muon-s1-003000-ggn-complement-out-k16-r128
3000,top-128 held,128,3160,3.746947,3.674003,72.94,muon-s1-003000-ggn-complement-out-k16-r128
3000,top-128 held,128,3192,3.750731,3.677744,72.99,muon-s1-003000-ggn-complement-out-k16-r128
3000,top-128 held,128,3224,3.752239,3.675572,76.67,muon-s1-003000-ggn-complement-out-k16-r128
3000,top-128 held,128,3256,3.753668,3.672218,81.45,muon-s1-003000-ggn-complement-out-k16-r128
3000,top-128 held,128,3288,3.755988,3.668891,87.10,muon-s1-003000-ggn-complement-out-k16-r128
3000,top-128 held,128,3320,3.756392,3.670659,85.73,muon-s1-003000-ggn-complement-out-k16-r128
3000,top-128 held,128,3352,3.746021,3.664555,81.47,muon-s1-003000-ggn-complement-out-k16-r128
3000,top-128 held,128,3384,3.744892,3.662112,82.78,muon-s1-003000-ggn-complement-out-k16-r128
3000,top-128 held,128,3416,3.738154,3.658073,80.08,muon-s1-003000-ggn-complement-out-k16-r128
3000,top-128 held,128,3448,3.733000,3.658850,74.15,muon-s1-003000-ggn-complement-out-k16-r128
3000,top-128 held,128,3480,3.729549,3.661689,67.86,muon-s1-003000-ggn-complement-out-k16-r128
3000,top-128 held,128,3512,3.723488,3.657874,65.61,muon-s1-003000-ggn-complement-out-k16-r128
3000,top-128 held,128,3544,3.719733,3.655041,64.69,muon-s1-003000-ggn-complement-out-k16-r128
3000,top-128 held,128,3576,3.715090,3.654493,60.60,muon-s1-003000-ggn-complement-out-k16-r128
3000,top-128 held,128,3608,3.714921,3.650350,64.57,muon-s1-003000-ggn-complement-out-k16-r128
3000,top-128 held,128,3640,3.703090,3.644931,58.16,muon-s1-003000-ggn-complement-out-k16-r128
3000,top-128 held,128,3672,3.699878,3.645599,54.28,muon-s1-003000-ggn-complement-out-k16-r128
3000,top-128 held,128,3704,3.690041,3.640223,49.82,muon-s1-003000-ggn-complement-out-k16-r128
3000,top-128 held,128,3736,3.684616,3.644730,39.89,muon-s1-003000-ggn-complement-out-k16-r128
3000,top-128 held,128,3768,3.679558,3.639347,40.21,muon-s1-003000-ggn-complement-out-k16-r128
3000,top-128 held,128,3800,3.679050,3.640128,38.92,muon-s1-003000-ggn-complement-out-k16-r128
3000,top-128 held,128,3832,3.673772,3.638106,35.67,muon-s1-003000-ggn-complement-out-k16-r128
3000,top-128 held,128,3864,3.670398,3.637267,33.13,muon-s1-003000-ggn-complement-out-k16-r128
3000,top-128 held,128,3896,3.662776,3.634459,28.32,muon-s1-003000-ggn-complement-out-k16-r128
3000,top-128 held,128,3928,3.659630,3.633461,26.17,muon-s1-003000-ggn-complement-out-k16-r128
3000,top-128 held,128,3960,3.661474,3.635494,25.98,muon-s1-003000-ggn-complement-out-k16-r128
3000,top-128 held,128,3992,3.654794,3.628569,26.23,muon-s1-003000-ggn-complement-out-k16-r128
3000,top-128 held,128,4024,3.652487,3.624769,27.72,muon-s1-003000-ggn-complement-out-k16-r128
3000,top-256 held,256,3000,3.693508,3.693508,0.00,muon-s1-003000-ggn-complement-out-k16-r256
3000,top-256 held,256,3032,3.718665,3.693420,25.24,muon-s1-003000-ggn-complement-out-k16-r256
3000,top-256 held,256,3064,3.723439,3.684440,39.00,muon-s1-003000-ggn-complement-out-k16-r256
3000,top-256 held,256,3096,3.743658,3.688570,55.09,muon-s1-003000-ggn-complement-out-k16-r256
3000,top-256 held,256,3128,3.744862,3.682001,62.86,muon-s1-003000-ggn-complement-out-k16-r256
3000,top-256 held,256,3160,3.745706,3.674003,71.70,muon-s1-003000-ggn-complement-out-k16-r256
3000,top-256 held,256,3192,3.749062,3.677744,71.32,muon-s1-003000-ggn-complement-out-k16-r256
3000,top-256 held,256,3224,3.750421,3.675572,74.85,muon-s1-003000-ggn-complement-out-k16-r256
3000,top-256 held,256,3256,3.751019,3.672218,78.80,muon-s1-003000-ggn-complement-out-k16-r256
3000,top-256 held,256,3288,3.751357,3.668891,82.47,muon-s1-003000-ggn-complement-out-k16-r256
3000,top-256 held,256,3320,3.752656,3.670659,82.00,muon-s1-003000-ggn-complement-out-k16-r256
3000,top-256 held,256,3352,3.743137,3.664555,78.58,muon-s1-003000-ggn-complement-out-k16-r256
3000,top-256 held,256,3384,3.742370,3.662112,80.26,muon-s1-003000-ggn-complement-out-k16-r256
3000,top-256 held,256,3416,3.732763,3.658073,74.69,muon-s1-003000-ggn-complement-out-k16-r256
3000,top-256 held,256,3448,3.728105,3.658850,69.25,muon-s1-003000-ggn-complement-out-k16-r256
3000,top-256 held,256,3480,3.727996,3.661689,66.31,muon-s1-003000-ggn-complement-out-k16-r256
3000,top-256 held,256,3512,3.718331,3.657874,60.46,muon-s1-003000-ggn-complement-out-k16-r256
3000,top-256 held,256,3544,3.714792,3.655041,59.75,muon-s1-003000-ggn-complement-out-k16-r256
3000,top-256 held,256,3576,3.709156,3.654493,54.66,muon-s1-003000-ggn-complement-out-k16-r256
3000,top-256 held,256,3608,3.707000,3.650350,56.65,muon-s1-003000-ggn-complement-out-k16-r256
3000,top-256 held,256,3640,3.695661,3.644931,50.73,muon-s1-003000-ggn-complement-out-k16-r256
3000,top-256 held,256,3672,3.695153,3.645599,49.55,muon-s1-003000-ggn-complement-out-k16-r256
3000,top-256 held,256,3704,3.684671,3.640223,44.45,muon-s1-003000-ggn-complement-out-k16-r256
3000,top-256 held,256,3736,3.680517,3.644730,35.79,muon-s1-003000-ggn-complement-out-k16-r256
3000,top-256 held,256,3768,3.675058,3.639347,35.71,muon-s1-003000-ggn-complement-out-k16-r256
3000,top-256 held,256,3800,3.673745,3.640128,33.62,muon-s1-003000-ggn-complement-out-k16-r256
3000,top-256 held,256,3832,3.672748,3.638106,34.64,muon-s1-003000-ggn-complement-out-k16-r256
3000,top-256 held,256,3864,3.667795,3.637267,30.53,muon-s1-003000-ggn-complement-out-k16-r256
3000,top-256 held,256,3896,3.659415,3.634459,24.96,muon-s1-003000-ggn-complement-out-k16-r256
3000,top-256 held,256,3928,3.659491,3.633461,26.03,muon-s1-003000-ggn-complement-out-k16-r256
3000,top-256 held,256,3960,3.658769,3.635494,23.27,muon-s1-003000-ggn-complement-out-k16-r256
3000,top-256 held,256,3992,3.650740,3.628569,22.17,muon-s1-003000-ggn-complement-out-k16-r256
3000,top-256 held,256,4024,3.646837,3.624769,22.07,muon-s1-003000-ggn-complement-out-k16-r256
3000,top-768 held,768,3000,3.693506,3.693508,-0.00,muon-s1-003000-ggn-complement-out-k16-r768
3000,top-768 held,768,3032,3.719374,3.693420,25.95,muon-s1-003000-ggn-complement-out-k16-r768
3000,top-768 held,768,3064,3.723532,3.684440,39.09,muon-s1-003000-ggn-complement-out-k16-r768
3000,top-768 held,768,3096,3.743792,3.688570,55.22,muon-s1-003000-ggn-complement-out-k16-r768
3000,top-768 held,768,3128,3.744506,3.682001,62.51,muon-s1-003000-ggn-complement-out-k16-r768
3000,top-768 held,768,3160,3.745240,3.674003,71.24,muon-s1-003000-ggn-complement-out-k16-r768
3000,top-768 held,768,3192,3.747770,3.677744,70.03,muon-s1-003000-ggn-complement-out-k16-r768
3000,top-768 held,768,3224,3.749681,3.675572,74.11,muon-s1-003000-ggn-complement-out-k16-r768
3000,top-768 held,768,3256,3.748354,3.672218,76.14,muon-s1-003000-ggn-complement-out-k16-r768
3000,top-768 held,768,3288,3.748914,3.668891,80.02,muon-s1-003000-ggn-complement-out-k16-r768
3000,top-768 held,768,3320,3.748298,3.670659,77.64,muon-s1-003000-ggn-complement-out-k16-r768
3000,top-768 held,768,3352,3.738356,3.664555,73.80,muon-s1-003000-ggn-complement-out-k16-r768
3000,top-768 held,768,3384,3.735742,3.662112,73.63,muon-s1-003000-ggn-complement-out-k16-r768
3000,top-768 held,768,3416,3.726747,3.658073,68.67,muon-s1-003000-ggn-complement-out-k16-r768
3000,top-768 held,768,3448,3.724245,3.658850,65.40,muon-s1-003000-ggn-complement-out-k16-r768
3000,top-768 held,768,3480,3.722760,3.661689,61.07,muon-s1-003000-ggn-complement-out-k16-r768
3000,top-768 held,768,3512,3.714036,3.657874,56.16,muon-s1-003000-ggn-complement-out-k16-r768
3000,top-768 held,768,3544,3.711025,3.655041,55.98,muon-s1-003000-ggn-complement-out-k16-r768
3000,top-768 held,768,3576,3.703584,3.654493,49.09,muon-s1-003000-ggn-complement-out-k16-r768
3000,top-768 held,768,3608,3.703661,3.650350,53.31,muon-s1-003000-ggn-complement-out-k16-r768
3000,top-768 held,768,3640,3.691032,3.644931,46.10,muon-s1-003000-ggn-complement-out-k16-r768
3000,top-768 held,768,3672,3.693707,3.645599,48.11,muon-s1-003000-ggn-complement-out-k16-r768
3000,top-768 held,768,3704,3.682712,3.640223,42.49,muon-s1-003000-ggn-complement-out-k16-r768
3000,top-768 held,768,3736,3.677931,3.644730,33.20,muon-s1-003000-ggn-complement-out-k16-r768
3000,top-768 held,768,3768,3.671006,3.639347,31.66,muon-s1-003000-ggn-complement-out-k16-r768
3000,top-768 held,768,3800,3.668801,3.640128,28.67,muon-s1-003000-ggn-complement-out-k16-r768
3000,top-768 held,768,3832,3.668039,3.638106,29.93,muon-s1-003000-ggn-complement-out-k16-r768
3000,top-768 held,768,3864,3.663555,3.637267,26.29,muon-s1-003000-ggn-complement-out-k16-r768
3000,top-768 held,768,3896,3.655391,3.634459,20.93,muon-s1-003000-ggn-complement-out-k16-r768
3000,top-768 held,768,3928,3.656302,3.633461,22.84,muon-s1-003000-ggn-complement-out-k16-r768
3000,top-768 held,768,3960,3.655316,3.635494,19.82,muon-s1-003000-ggn-complement-out-k16-r768
3000,top-768 held,768,3992,3.649810,3.628569,21.24,muon-s1-003000-ggn-complement-out-k16-r768
3000,top-768 held,768,4024,3.647083,3.624769,22.31,muon-s1-003000-ggn-complement-out-k16-r768
3000,random-768 held,768,3000,3.693508,3.693508,0.00,muon-s1-003000-ggn-random-complement-out-k16-r768
3000,random-768 held,768,3032,3.711858,3.693420,18.44,muon-s1-003000-ggn-random-complement-out-k16-r768
3000,random-768 held,768,3064,3.717952,3.684440,33.51,muon-s1-003000-ggn-random-complement-out-k16-r768
3000,random-768 held,768,3096,3.745244,3.688570,56.67,muon-s1-003000-ggn-random-complement-out-k16-r768
3000,random-768 held,768,3128,3.745615,3.682001,63.61,muon-s1-003000-ggn-random-complement-out-k16-r768
3000,random-768 held,768,3160,3.745316,3.674003,71.31,muon-s1-003000-ggn-random-complement-out-k16-r768
3000,random-768 held,768,3192,3.760437,3.677744,82.69,muon-s1-003000-ggn-random-complement-out-k16-r768
3000,random-768 held,768,3224,3.761966,3.675572,86.39,muon-s1-003000-ggn-random-complement-out-k16-r768
3000,random-768 held,768,3256,3.765313,3.672218,93.09,muon-s1-003000-ggn-random-complement-out-k16-r768
3000,random-768 held,768,3288,3.766448,3.668891,97.56,muon-s1-003000-ggn-random-complement-out-k16-r768
3000,random-768 held,768,3320,3.765599,3.670659,94.94,muon-s1-003000-ggn-random-complement-out-k16-r768
3000,random-768 held,768,3352,3.752745,3.664555,88.19,muon-s1-003000-ggn-random-complement-out-k16-r768
3000,random-768 held,768,3384,3.752200,3.662112,90.09,muon-s1-003000-ggn-random-complement-out-k16-r768
3000,random-768 held,768,3416,3.748167,3.658073,90.09,muon-s1-003000-ggn-random-complement-out-k16-r768
3000,random-768 held,768,3448,3.745433,3.658850,86.58,muon-s1-003000-ggn-random-complement-out-k16-r768
3000,random-768 held,768,3480,3.739904,3.661689,78.22,muon-s1-003000-ggn-random-complement-out-k16-r768
3000,random-768 held,768,3512,3.731979,3.657874,74.11,muon-s1-003000-ggn-random-complement-out-k16-r768
3000,random-768 held,768,3544,3.731226,3.655041,76.18,muon-s1-003000-ggn-random-complement-out-k16-r768
3000,random-768 held,768,3576,3.721766,3.654493,67.27,muon-s1-003000-ggn-random-complement-out-k16-r768
3000,random-768 held,768,3608,3.714502,3.650350,64.15,muon-s1-003000-ggn-random-complement-out-k16-r768
3000,random-768 held,768,3640,3.712973,3.644931,68.04,muon-s1-003000-ggn-random-complement-out-k16-r768
3000,random-768 held,768,3672,3.705020,3.645599,59.42,muon-s1-003000-ggn-random-complement-out-k16-r768
3000,random-768 held,768,3704,3.698553,3.640223,58.33,muon-s1-003000-ggn-random-complement-out-k16-r768
3000,random-768 held,768,3736,3.695097,3.644730,50.37,muon-s1-003000-ggn-random-complement-out-k16-r768
3000,random-768 held,768,3768,3.688183,3.639347,48.84,muon-s1-003000-ggn-random-complement-out-k16-r768
3000,random-768 held,768,3800,3.687789,3.640128,47.66,muon-s1-003000-ggn-random-complement-out-k16-r768
3000,random-768 held,768,3832,3.683475,3.638106,45.37,muon-s1-003000-ggn-random-complement-out-k16-r768
3000,random-768 held,768,3864,3.682596,3.637267,45.33,muon-s1-003000-ggn-random-complement-out-k16-r768
3000,random-768 held,768,3896,3.675740,3.634459,41.28,muon-s1-003000-ggn-random-complement-out-k16-r768
3000,random-768 held,768,3928,3.668819,3.633461,35.36,muon-s1-003000-ggn-random-complement-out-k16-r768
3000,random-768 held,768,3960,3.669903,3.635494,34.41,muon-s1-003000-ggn-random-complement-out-k16-r768
3000,random-768 held,768,3992,3.661047,3.628569,32.48,muon-s1-003000-ggn-random-complement-out-k16-r768
3000,random-768 held,768,4024,3.661216,3.624769,36.45,muon-s1-003000-ggn-random-complement-out-k16-r768
4000,control (128K),,4000,3.631418,3.631418,0.00,muon-s1-004000-global-k1
4000,control (128K),,4032,3.627697,3.627697,0.00,muon-s1-004000-global-k1
4000,control (128K),,4064,3.628463,3.628463,0.00,muon-s1-004000-global-k1
4000,control (128K),,4096,3.624365,3.624365,0.00,muon-s1-004000-global-k1
4000,control (128K),,4128,3.620415,3.620415,0.00,muon-s1-004000-global-k1
4000,control (128K),,4160,3.619326,3.619326,0.00,muon-s1-004000-global-k1
4000,control (128K),,4192,3.627069,3.627069,0.00,muon-s1-004000-global-k1
4000,control (128K),,4224,3.621902,3.621902,0.00,muon-s1-004000-global-k1
4000,control (128K),,4256,3.618019,3.618019,0.00,muon-s1-004000-global-k1
4000,control (128K),,4288,3.615098,3.615098,0.00,muon-s1-004000-global-k1
4000,control (128K),,4320,3.610062,3.610062,0.00,muon-s1-004000-global-k1
4000,control (128K),,4352,3.610196,3.610196,0.00,muon-s1-004000-global-k1
4000,control (128K),,4384,3.607739,3.607739,0.00,muon-s1-004000-global-k1
4000,control (128K),,4416,3.610992,3.610992,0.00,muon-s1-004000-global-k1
4000,control (128K),,4448,3.608263,3.608263,0.00,muon-s1-004000-global-k1
4000,control (128K),,4480,3.604559,3.604559,0.00,muon-s1-004000-global-k1
4000,control (128K),,4512,3.601910,3.601910,0.00,muon-s1-004000-global-k1
4000,control (128K),,4544,3.600387,3.600387,0.00,muon-s1-004000-global-k1
4000,control (128K),,4576,3.603465,3.603465,0.00,muon-s1-004000-global-k1
4000,control (128K),,4608,3.599251,3.599251,0.00,muon-s1-004000-global-k1
4000,control (128K),,4640,3.595491,3.595491,0.00,muon-s1-004000-global-k1
4000,control (128K),,4672,3.594560,3.594560,0.00,muon-s1-004000-global-k1
4000,control (128K),,4704,3.595912,3.595912,0.00,muon-s1-004000-global-k1
4000,control (128K),,4736,3.594066,3.594066,0.00,muon-s1-004000-global-k1
4000,control (128K),,4768,3.594147,3.594147,0.00,muon-s1-004000-global-k1
4000,control (128K),,4800,3.597228,3.597228,0.00,muon-s1-004000-global-k1
4000,control (128K),,4832,3.591874,3.591874,0.00,muon-s1-004000-global-k1
4000,control (128K),,4864,3.587087,3.587087,0.00,muon-s1-004000-global-k1
4000,control (128K),,4896,3.583132,3.583132,0.00,muon-s1-004000-global-k1
4000,control (128K),,4928,3.581811,3.581811,0.00,muon-s1-004000-global-k1
4000,control (128K),,4960,3.582313,3.582313,0.00,muon-s1-004000-global-k1
4000,control (128K),,4992,3.579224,3.579224,0.00,muon-s1-004000-global-k1
4000,control (128K),,5024,3.583017,3.583017,0.00,muon-s1-004000-global-k1
4000,fully scaled,,4000,3.631418,3.631418,0.00,muon-s1-004000-matrix-out-k16
4000,fully scaled,,4032,3.640586,3.627697,12.89,muon-s1-004000-matrix-out-k16
4000,fully scaled,,4064,3.651017,3.628463,22.55,muon-s1-004000-matrix-out-k16
4000,fully scaled,,4096,3.662689,3.624365,38.32,muon-s1-004000-matrix-out-k16
4000,fully scaled,,4128,3.672523,3.620415,52.11,muon-s1-004000-matrix-out-k16
4000,fully scaled,,4160,3.681881,3.619326,62.55,muon-s1-004000-matrix-out-k16
4000,fully scaled,,4192,3.684518,3.627069,57.45,muon-s1-004000-matrix-out-k16
4000,fully scaled,,4224,3.689541,3.621902,67.64,muon-s1-004000-matrix-out-k16
4000,fully scaled,,4256,3.684496,3.618019,66.48,muon-s1-004000-matrix-out-k16
4000,fully scaled,,4288,3.689299,3.615098,74.20,muon-s1-004000-matrix-out-k16
4000,fully scaled,,4320,3.694538,3.610062,84.48,muon-s1-004000-matrix-out-k16
4000,fully scaled,,4352,3.687200,3.610196,77.00,muon-s1-004000-matrix-out-k16
4000,fully scaled,,4384,3.688551,3.607739,80.81,muon-s1-004000-matrix-out-k16
4000,fully scaled,,4416,3.685232,3.610992,74.24,muon-s1-004000-matrix-out-k16
4000,fully scaled,,4448,3.679957,3.608263,71.69,muon-s1-004000-matrix-out-k16
4000,fully scaled,,4480,3.675651,3.604559,71.09,muon-s1-004000-matrix-out-k16
4000,fully scaled,,4512,3.673474,3.601910,71.56,muon-s1-004000-matrix-out-k16
4000,fully scaled,,4544,3.669554,3.600387,69.17,muon-s1-004000-matrix-out-k16
4000,fully scaled,,4576,3.665634,3.603465,62.17,muon-s1-004000-matrix-out-k16
4000,fully scaled,,4608,3.659528,3.599251,60.28,muon-s1-004000-matrix-out-k16
4000,fully scaled,,4640,3.651382,3.595491,55.89,muon-s1-004000-matrix-out-k16
4000,fully scaled,,4672,3.648180,3.594560,53.62,muon-s1-004000-matrix-out-k16
4000,fully scaled,,4704,3.643950,3.595912,48.04,muon-s1-004000-matrix-out-k16
4000,fully scaled,,4736,3.638303,3.594066,44.24,muon-s1-004000-matrix-out-k16
4000,fully scaled,,4768,3.635142,3.594147,41.00,muon-s1-004000-matrix-out-k16
4000,fully scaled,,4800,3.624187,3.597228,26.96,muon-s1-004000-matrix-out-k16
4000,fully scaled,,4832,3.622466,3.591874,30.59,muon-s1-004000-matrix-out-k16
4000,fully scaled,,4864,3.621871,3.587087,34.78,muon-s1-004000-matrix-out-k16
4000,fully scaled,,4896,3.619357,3.583132,36.23,muon-s1-004000-matrix-out-k16
4000,fully scaled,,4928,3.619590,3.581811,37.78,muon-s1-004000-matrix-out-k16
4000,fully scaled,,4960,3.619990,3.582313,37.68,muon-s1-004000-matrix-out-k16
4000,fully scaled,,4992,3.620181,3.579224,40.96,muon-s1-004000-matrix-out-k16
4000,fully scaled,,5024,3.621724,3.583017,38.71,muon-s1-004000-matrix-out-k16
4000,top-16 held,16,4000,3.631418,3.631418,0.00,muon-s1-004000-ggn-complement-out-k16-r16
4000,top-16 held,16,4032,3.641226,3.627697,13.53,muon-s1-004000-ggn-complement-out-k16-r16
4000,top-16 held,16,4064,3.652359,3.628463,23.90,muon-s1-004000-ggn-complement-out-k16-r16
4000,top-16 held,16,4096,3.661950,3.624365,37.59,muon-s1-004000-ggn-complement-out-k16-r16
4000,top-16 held,16,4128,3.670922,3.620415,50.51,muon-s1-004000-ggn-complement-out-k16-r16
4000,top-16 held,16,4160,3.679482,3.619326,60.16,muon-s1-004000-ggn-complement-out-k16-r16
4000,top-16 held,16,4192,3.681051,3.627069,53.98,muon-s1-004000-ggn-complement-out-k16-r16
4000,top-16 held,16,4224,3.685968,3.621902,64.07,muon-s1-004000-ggn-complement-out-k16-r16
4000,top-16 held,16,4256,3.683058,3.618019,65.04,muon-s1-004000-ggn-complement-out-k16-r16
4000,top-16 held,16,4288,3.691418,3.615098,76.32,muon-s1-004000-ggn-complement-out-k16-r16
4000,top-16 held,16,4320,3.694186,3.610062,84.12,muon-s1-004000-ggn-complement-out-k16-r16
4000,top-16 held,16,4352,3.684572,3.610196,74.38,muon-s1-004000-ggn-complement-out-k16-r16
4000,top-16 held,16,4384,3.683651,3.607739,75.91,muon-s1-004000-ggn-complement-out-k16-r16
4000,top-16 held,16,4416,3.682682,3.610992,71.69,muon-s1-004000-ggn-complement-out-k16-r16
4000,top-16 held,16,4448,3.678566,3.608263,70.30,muon-s1-004000-ggn-complement-out-k16-r16
4000,top-16 held,16,4480,3.672575,3.604559,68.02,muon-s1-004000-ggn-complement-out-k16-r16
4000,top-16 held,16,4512,3.670096,3.601910,68.19,muon-s1-004000-ggn-complement-out-k16-r16
4000,top-16 held,16,4544,3.665642,3.600387,65.26,muon-s1-004000-ggn-complement-out-k16-r16
4000,top-16 held,16,4576,3.661438,3.603465,57.97,muon-s1-004000-ggn-complement-out-k16-r16
4000,top-16 held,16,4608,3.660746,3.599251,61.49,muon-s1-004000-ggn-complement-out-k16-r16
4000,top-16 held,16,4640,3.652983,3.595491,57.49,muon-s1-004000-ggn-complement-out-k16-r16
4000,top-16 held,16,4672,3.646348,3.594560,51.79,muon-s1-004000-ggn-complement-out-k16-r16
4000,top-16 held,16,4704,3.640277,3.595912,44.36,muon-s1-004000-ggn-complement-out-k16-r16
4000,top-16 held,16,4736,3.638108,3.594066,44.04,muon-s1-004000-ggn-complement-out-k16-r16
4000,top-16 held,16,4768,3.634470,3.594147,40.32,muon-s1-004000-ggn-complement-out-k16-r16
4000,top-16 held,16,4800,3.627573,3.597228,30.35,muon-s1-004000-ggn-complement-out-k16-r16
4000,top-16 held,16,4832,3.622149,3.591874,30.27,muon-s1-004000-ggn-complement-out-k16-r16
4000,top-16 held,16,4864,3.623329,3.587087,36.24,muon-s1-004000-ggn-complement-out-k16-r16
4000,top-16 held,16,4896,3.618691,3.583132,35.56,muon-s1-004000-ggn-complement-out-k16-r16
4000,top-16 held,16,4928,3.619332,3.581811,37.52,muon-s1-004000-ggn-complement-out-k16-r16
4000,top-16 held,16,4960,3.616954,3.582313,34.64,muon-s1-004000-ggn-complement-out-k16-r16
4000,top-16 held,16,4992,3.614328,3.579224,35.10,muon-s1-004000-ggn-complement-out-k16-r16
4000,top-16 held,16,5024,3.611563,3.583017,28.55,muon-s1-004000-ggn-complement-out-k16-r16
4000,top-64 held,64,4000,3.631418,3.631418,0.00,muon-s1-004000-ggn-complement-out-k16-r64
4000,top-64 held,64,4032,3.641845,3.627697,14.15,muon-s1-004000-ggn-complement-out-k16-r64
4000,top-64 held,64,4064,3.652230,3.628463,23.77,muon-s1-004000-ggn-complement-out-k16-r64
4000,top-64 held,64,4096,3.662449,3.624365,38.08,muon-s1-004000-ggn-complement-out-k16-r64
4000,top-64 held,64,4128,3.671348,3.620415,50.93,muon-s1-004000-ggn-complement-out-k16-r64
4000,top-64 held,64,4160,3.677655,3.619326,58.33,muon-s1-004000-ggn-complement-out-k16-r64
4000,top-64 held,64,4192,3.678810,3.627069,51.74,muon-s1-004000-ggn-complement-out-k16-r64
4000,top-64 held,64,4224,3.683630,3.621902,61.73,muon-s1-004000-ggn-complement-out-k16-r64
4000,top-64 held,64,4256,3.681505,3.618019,63.49,muon-s1-004000-ggn-complement-out-k16-r64
4000,top-64 held,64,4288,3.689668,3.615098,74.57,muon-s1-004000-ggn-complement-out-k16-r64
4000,top-64 held,64,4320,3.689365,3.610062,79.30,muon-s1-004000-ggn-complement-out-k16-r64
4000,top-64 held,64,4352,3.681872,3.610196,71.68,muon-s1-004000-ggn-complement-out-k16-r64
4000,top-64 held,64,4384,3.680316,3.607739,72.58,muon-s1-004000-ggn-complement-out-k16-r64
4000,top-64 held,64,4416,3.680584,3.610992,69.59,muon-s1-004000-ggn-complement-out-k16-r64
4000,top-64 held,64,4448,3.672887,3.608263,64.62,muon-s1-004000-ggn-complement-out-k16-r64
4000,top-64 held,64,4480,3.667320,3.604559,62.76,muon-s1-004000-ggn-complement-out-k16-r64
4000,top-64 held,64,4512,3.665743,3.601910,63.83,muon-s1-004000-ggn-complement-out-k16-r64
4000,top-64 held,64,4544,3.661185,3.600387,60.80,muon-s1-004000-ggn-complement-out-k16-r64
4000,top-64 held,64,4576,3.665488,3.603465,62.02,muon-s1-004000-ggn-complement-out-k16-r64
4000,top-64 held,64,4608,3.654654,3.599251,55.40,muon-s1-004000-ggn-complement-out-k16-r64
4000,top-64 held,64,4640,3.649752,3.595491,54.26,muon-s1-004000-ggn-complement-out-k16-r64
4000,top-64 held,64,4672,3.644243,3.594560,49.68,muon-s1-004000-ggn-complement-out-k16-r64
4000,top-64 held,64,4704,3.639827,3.595912,43.91,muon-s1-004000-ggn-complement-out-k16-r64
4000,top-64 held,64,4736,3.635069,3.594066,41.00,muon-s1-004000-ggn-complement-out-k16-r64
4000,top-64 held,64,4768,3.630218,3.594147,36.07,muon-s1-004000-ggn-complement-out-k16-r64
4000,top-64 held,64,4800,3.622780,3.597228,25.55,muon-s1-004000-ggn-complement-out-k16-r64
4000,top-64 held,64,4832,3.619841,3.591874,27.97,muon-s1-004000-ggn-complement-out-k16-r64
4000,top-64 held,64,4864,3.619055,3.587087,31.97,muon-s1-004000-ggn-complement-out-k16-r64
4000,top-64 held,64,4896,3.617126,3.583132,33.99,muon-s1-004000-ggn-complement-out-k16-r64
4000,top-64 held,64,4928,3.618547,3.581811,36.74,muon-s1-004000-ggn-complement-out-k16-r64
4000,top-64 held,64,4960,3.614022,3.582313,31.71,muon-s1-004000-ggn-complement-out-k16-r64
4000,top-64 held,64,4992,3.610144,3.579224,30.92,muon-s1-004000-ggn-complement-out-k16-r64
4000,top-64 held,64,5024,3.609555,3.583017,26.54,muon-s1-004000-ggn-complement-out-k16-r64
4000,top-128 held,128,4000,3.631418,3.631418,0.00,muon-s1-004000-ggn-complement-out-k16-r128
4000,top-128 held,128,4032,3.642212,3.627697,14.51,muon-s1-004000-ggn-complement-out-k16-r128
4000,top-128 held,128,4064,3.652760,3.628463,24.30,muon-s1-004000-ggn-complement-out-k16-r128
4000,top-128 held,128,4096,3.661604,3.624365,37.24,muon-s1-004000-ggn-complement-out-k16-r128
4000,top-128 held,128,4128,3.670389,3.620415,49.97,muon-s1-004000-ggn-complement-out-k16-r128
4000,top-128 held,128,4160,3.677240,3.619326,57.91,muon-s1-004000-ggn-complement-out-k16-r128
4000,top-128 held,128,4192,3.678152,3.627069,51.08,muon-s1-004000-ggn-complement-out-k16-r128
4000,top-128 held,128,4224,3.683249,3.621902,61.35,muon-s1-004000-ggn-complement-out-k16-r128
4000,top-128 held,128,4256,3.681456,3.618019,63.44,muon-s1-004000-ggn-complement-out-k16-r128
4000,top-128 held,128,4288,3.689154,3.615098,74.06,muon-s1-004000-ggn-complement-out-k16-r128
4000,top-128 held,128,4320,3.686902,3.610062,76.84,muon-s1-004000-ggn-complement-out-k16-r128
4000,top-128 held,128,4352,3.680147,3.610196,69.95,muon-s1-004000-ggn-complement-out-k16-r128
4000,top-128 held,128,4384,3.678742,3.607739,71.00,muon-s1-004000-ggn-complement-out-k16-r128
4000,top-128 held,128,4416,3.679289,3.610992,68.30,muon-s1-004000-ggn-complement-out-k16-r128
4000,top-128 held,128,4448,3.671141,3.608263,62.88,muon-s1-004000-ggn-complement-out-k16-r128
4000,top-128 held,128,4480,3.665173,3.604559,60.61,muon-s1-004000-ggn-complement-out-k16-r128
4000,top-128 held,128,4512,3.662336,3.601910,60.43,muon-s1-004000-ggn-complement-out-k16-r128
4000,top-128 held,128,4544,3.658923,3.600387,58.54,muon-s1-004000-ggn-complement-out-k16-r128
4000,top-128 held,128,4576,3.664620,3.603465,61.16,muon-s1-004000-ggn-complement-out-k16-r128
4000,top-128 held,128,4608,3.655406,3.599251,56.15,muon-s1-004000-ggn-complement-out-k16-r128
4000,top-128 held,128,4640,3.648823,3.595491,53.33,muon-s1-004000-ggn-complement-out-k16-r128
4000,top-128 held,128,4672,3.643128,3.594560,48.57,muon-s1-004000-ggn-complement-out-k16-r128
4000,top-128 held,128,4704,3.638496,3.595912,42.58,muon-s1-004000-ggn-complement-out-k16-r128
4000,top-128 held,128,4736,3.635490,3.594066,41.42,muon-s1-004000-ggn-complement-out-k16-r128
4000,top-128 held,128,4768,3.630159,3.594147,36.01,muon-s1-004000-ggn-complement-out-k16-r128
4000,top-128 held,128,4800,3.623052,3.597228,25.82,muon-s1-004000-ggn-complement-out-k16-r128
4000,top-128 held,128,4832,3.619821,3.591874,27.95,muon-s1-004000-ggn-complement-out-k16-r128
4000,top-128 held,128,4864,3.615828,3.587087,28.74,muon-s1-004000-ggn-complement-out-k16-r128
4000,top-128 held,128,4896,3.612533,3.583132,29.40,muon-s1-004000-ggn-complement-out-k16-r128
4000,top-128 held,128,4928,3.611862,3.581811,30.05,muon-s1-004000-ggn-complement-out-k16-r128
4000,top-128 held,128,4960,3.609811,3.582313,27.50,muon-s1-004000-ggn-complement-out-k16-r128
4000,top-128 held,128,4992,3.605273,3.579224,26.05,muon-s1-004000-ggn-complement-out-k16-r128
4000,top-128 held,128,5024,3.608236,3.583017,25.22,muon-s1-004000-ggn-complement-out-k16-r128
4000,top-256 held,256,4000,3.631418,3.631418,0.00,muon-s1-004000-ggn-complement-out-k16-r256
4000,top-256 held,256,4032,3.642808,3.627697,15.11,muon-s1-004000-ggn-complement-out-k16-r256
4000,top-256 held,256,4064,3.653602,3.628463,25.14,muon-s1-004000-ggn-complement-out-k16-r256
4000,top-256 held,256,4096,3.661836,3.624365,37.47,muon-s1-004000-ggn-complement-out-k16-r256
4000,top-256 held,256,4128,3.669865,3.620415,49.45,muon-s1-004000-ggn-complement-out-k16-r256
4000,top-256 held,256,4160,3.676591,3.619326,57.26,muon-s1-004000-ggn-complement-out-k16-r256
4000,top-256 held,256,4192,3.676880,3.627069,49.81,muon-s1-004000-ggn-complement-out-k16-r256
4000,top-256 held,256,4224,3.681636,3.621902,59.73,muon-s1-004000-ggn-complement-out-k16-r256
4000,top-256 held,256,4256,3.679091,3.618019,61.07,muon-s1-004000-ggn-complement-out-k16-r256
4000,top-256 held,256,4288,3.686744,3.615098,71.65,muon-s1-004000-ggn-complement-out-k16-r256
4000,top-256 held,256,4320,3.684344,3.610062,74.28,muon-s1-004000-ggn-complement-out-k16-r256
4000,top-256 held,256,4352,3.676807,3.610196,66.61,muon-s1-004000-ggn-complement-out-k16-r256
4000,top-256 held,256,4384,3.675859,3.607739,68.12,muon-s1-004000-ggn-complement-out-k16-r256
4000,top-256 held,256,4416,3.674909,3.610992,63.92,muon-s1-004000-ggn-complement-out-k16-r256
4000,top-256 held,256,4448,3.667524,3.608263,59.26,muon-s1-004000-ggn-complement-out-k16-r256
4000,top-256 held,256,4480,3.662159,3.604559,57.60,muon-s1-004000-ggn-complement-out-k16-r256
4000,top-256 held,256,4512,3.659987,3.601910,58.08,muon-s1-004000-ggn-complement-out-k16-r256
4000,top-256 held,256,4544,3.654839,3.600387,54.45,muon-s1-004000-ggn-complement-out-k16-r256
4000,top-256 held,256,4576,3.659281,3.603465,55.82,muon-s1-004000-ggn-complement-out-k16-r256
4000,top-256 held,256,4608,3.651277,3.599251,52.03,muon-s1-004000-ggn-complement-out-k16-r256
4000,top-256 held,256,4640,3.645358,3.595491,49.87,muon-s1-004000-ggn-complement-out-k16-r256
4000,top-256 held,256,4672,3.638541,3.594560,43.98,muon-s1-004000-ggn-complement-out-k16-r256
4000,top-256 held,256,4704,3.635128,3.595912,39.22,muon-s1-004000-ggn-complement-out-k16-r256
4000,top-256 held,256,4736,3.633033,3.594066,38.97,muon-s1-004000-ggn-complement-out-k16-r256
4000,top-256 held,256,4768,3.626052,3.594147,31.91,muon-s1-004000-ggn-complement-out-k16-r256
4000,top-256 held,256,4800,3.617873,3.597228,20.65,muon-s1-004000-ggn-complement-out-k16-r256
4000,top-256 held,256,4832,3.617203,3.591874,25.33,muon-s1-004000-ggn-complement-out-k16-r256
4000,top-256 held,256,4864,3.613471,3.587087,26.38,muon-s1-004000-ggn-complement-out-k16-r256
4000,top-256 held,256,4896,3.608708,3.583132,25.58,muon-s1-004000-ggn-complement-out-k16-r256
4000,top-256 held,256,4928,3.608849,3.581811,27.04,muon-s1-004000-ggn-complement-out-k16-r256
4000,top-256 held,256,4960,3.607118,3.582313,24.81,muon-s1-004000-ggn-complement-out-k16-r256
4000,top-256 held,256,4992,3.603237,3.579224,24.01,muon-s1-004000-ggn-complement-out-k16-r256
4000,top-256 held,256,5024,3.605791,3.583017,22.77,muon-s1-004000-ggn-complement-out-k16-r256
4000,top-768 held,768,4000,3.631418,3.631418,0.00,muon-s1-004000-ggn-complement-out-k16-r768
4000,top-768 held,768,4032,3.643085,3.627697,15.39,muon-s1-004000-ggn-complement-out-k16-r768
4000,top-768 held,768,4064,3.653681,3.628463,25.22,muon-s1-004000-ggn-complement-out-k16-r768
4000,top-768 held,768,4096,3.661754,3.624365,37.39,muon-s1-004000-ggn-complement-out-k16-r768
4000,top-768 held,768,4128,3.669499,3.620415,49.08,muon-s1-004000-ggn-complement-out-k16-r768
4000,top-768 held,768,4160,3.676387,3.619326,57.06,muon-s1-004000-ggn-complement-out-k16-r768
4000,top-768 held,768,4192,3.675785,3.627069,48.72,muon-s1-004000-ggn-complement-out-k16-r768
4000,top-768 held,768,4224,3.679930,3.621902,58.03,muon-s1-004000-ggn-complement-out-k16-r768
4000,top-768 held,768,4256,3.676398,3.618019,58.38,muon-s1-004000-ggn-complement-out-k16-r768
4000,top-768 held,768,4288,3.683384,3.615098,68.29,muon-s1-004000-ggn-complement-out-k16-r768
4000,top-768 held,768,4320,3.680955,3.610062,70.89,muon-s1-004000-ggn-complement-out-k16-r768
4000,top-768 held,768,4352,3.670232,3.610196,60.04,muon-s1-004000-ggn-complement-out-k16-r768
4000,top-768 held,768,4384,3.668345,3.607739,60.61,muon-s1-004000-ggn-complement-out-k16-r768
4000,top-768 held,768,4416,3.669459,3.610992,58.47,muon-s1-004000-ggn-complement-out-k16-r768
4000,top-768 held,768,4448,3.661727,3.608263,53.46,muon-s1-004000-ggn-complement-out-k16-r768
4000,top-768 held,768,4480,3.657843,3.604559,53.28,muon-s1-004000-ggn-complement-out-k16-r768
4000,top-768 held,768,4512,3.655468,3.601910,53.56,muon-s1-004000-ggn-complement-out-k16-r768
4000,top-768 held,768,4544,3.650073,3.600387,49.69,muon-s1-004000-ggn-complement-out-k16-r768
4000,top-768 held,768,4576,3.654342,3.603465,50.88,muon-s1-004000-ggn-complement-out-k16-r768
4000,top-768 held,768,4608,3.650486,3.599251,51.24,muon-s1-004000-ggn-complement-out-k16-r768
4000,top-768 held,768,4640,3.641347,3.595491,45.86,muon-s1-004000-ggn-complement-out-k16-r768
4000,top-768 held,768,4672,3.634085,3.594560,39.53,muon-s1-004000-ggn-complement-out-k16-r768
4000,top-768 held,768,4704,3.634422,3.595912,38.51,muon-s1-004000-ggn-complement-out-k16-r768
4000,top-768 held,768,4736,3.630998,3.594066,36.93,muon-s1-004000-ggn-complement-out-k16-r768
4000,top-768 held,768,4768,3.622760,3.594147,28.61,muon-s1-004000-ggn-complement-out-k16-r768
4000,top-768 held,768,4800,3.613727,3.597228,16.50,muon-s1-004000-ggn-complement-out-k16-r768
4000,top-768 held,768,4832,3.609418,3.591874,17.54,muon-s1-004000-ggn-complement-out-k16-r768
4000,top-768 held,768,4864,3.607998,3.587087,20.91,muon-s1-004000-ggn-complement-out-k16-r768
4000,top-768 held,768,4896,3.604732,3.583132,21.60,muon-s1-004000-ggn-complement-out-k16-r768
4000,top-768 held,768,4928,3.603392,3.581811,21.58,muon-s1-004000-ggn-complement-out-k16-r768
4000,top-768 held,768,4960,3.601787,3.582313,19.47,muon-s1-004000-ggn-complement-out-k16-r768
4000,top-768 held,768,4992,3.596511,3.579224,17.29,muon-s1-004000-ggn-complement-out-k16-r768
4000,top-768 held,768,5024,3.600670,3.583017,17.65,muon-s1-004000-ggn-complement-out-k16-r768
4000,random-768 held,768,4000,3.631418,3.631418,0.00,muon-s1-004000-ggn-random-complement-out-k16-r768
4000,random-768 held,768,4032,3.640583,3.627697,12.89,muon-s1-004000-ggn-random-complement-out-k16-r768
4000,random-768 held,768,4064,3.651116,3.628463,22.65,muon-s1-004000-ggn-random-complement-out-k16-r768
4000,random-768 held,768,4096,3.662800,3.624365,38.44,muon-s1-004000-ggn-random-complement-out-k16-r768
4000,random-768 held,768,4128,3.672763,3.620415,52.35,muon-s1-004000-ggn-random-complement-out-k16-r768
4000,random-768 held,768,4160,3.681956,3.619326,62.63,muon-s1-004000-ggn-random-complement-out-k16-r768
4000,random-768 held,768,4192,3.684289,3.627069,57.22,muon-s1-004000-ggn-random-complement-out-k16-r768
4000,random-768 held,768,4224,3.689921,3.621902,68.02,muon-s1-004000-ggn-random-complement-out-k16-r768
4000,random-768 held,768,4256,3.684516,3.618019,66.50,muon-s1-004000-ggn-random-complement-out-k16-r768
4000,random-768 held,768,4288,3.689231,3.615098,74.13,muon-s1-004000-ggn-random-complement-out-k16-r768
4000,random-768 held,768,4320,3.694419,3.610062,84.36,muon-s1-004000-ggn-random-complement-out-k16-r768
4000,random-768 held,768,4352,3.687080,3.610196,76.88,muon-s1-004000-ggn-random-complement-out-k16-r768
4000,random-768 held,768,4384,3.688406,3.607739,80.67,muon-s1-004000-ggn-random-complement-out-k16-r768
4000,random-768 held,768,4416,3.684496,3.610992,73.50,muon-s1-004000-ggn-random-complement-out-k16-r768
4000,random-768 held,768,4448,3.679623,3.608263,71.36,muon-s1-004000-ggn-random-complement-out-k16-r768
4000,random-768 held,768,4480,3.675592,3.604559,71.03,muon-s1-004000-ggn-random-complement-out-k16-r768
4000,random-768 held,768,4512,3.673032,3.601910,71.12,muon-s1-004000-ggn-random-complement-out-k16-r768
4000,random-768 held,768,4544,3.669325,3.600387,68.94,muon-s1-004000-ggn-random-complement-out-k16-r768
4000,random-768 held,768,4576,3.665363,3.603465,61.90,muon-s1-004000-ggn-random-complement-out-k16-r768
4000,random-768 held,768,4608,3.659424,3.599251,60.17,muon-s1-004000-ggn-random-complement-out-k16-r768
4000,random-768 held,768,4640,3.651536,3.595491,56.05,muon-s1-004000-ggn-random-complement-out-k16-r768
4000,random-768 held,768,4672,3.647617,3.594560,53.06,muon-s1-004000-ggn-random-complement-out-k16-r768
4000,random-768 held,768,4704,3.642928,3.595912,47.02,muon-s1-004000-ggn-random-complement-out-k16-r768
4000,random-768 held,768,4736,3.638024,3.594066,43.96,muon-s1-004000-ggn-random-complement-out-k16-r768
4000,random-768 held,768,4768,3.634377,3.594147,40.23,muon-s1-004000-ggn-random-complement-out-k16-r768
4000,random-768 held,768,4800,3.624203,3.597228,26.98,muon-s1-004000-ggn-random-complement-out-k16-r768
4000,random-768 held,768,4832,3.621529,3.591874,29.65,muon-s1-004000-ggn-random-complement-out-k16-r768
4000,random-768 held,768,4864,3.621206,3.587087,34.12,muon-s1-004000-ggn-random-complement-out-k16-r768
4000,random-768 held,768,4896,3.618343,3.583132,35.21,muon-s1-004000-ggn-random-complement-out-k16-r768
4000,random-768 held,768,4928,3.618497,3.581811,36.69,muon-s1-004000-ggn-random-complement-out-k16-r768
4000,random-768 held,768,4960,3.619686,3.582313,37.37,muon-s1-004000-ggn-random-complement-out-k16-r768
4000,random-768 held,768,4992,3.619922,3.579224,40.70,muon-s1-004000-ggn-random-complement-out-k16-r768
4000,random-768 held,768,5024,3.621283,3.583017,38.27,muon-s1-004000-ggn-random-complement-out-k16-r768
5000,control (128K),,5000,3.583003,3.583003,0.00,muon-s1-005000-global-k1
5000,control (128K),,5032,3.582590,3.582590,0.00,muon-s1-005000-global-k1
5000,control (128K),,5064,3.577601,3.577601,0.00,muon-s1-005000-global-k1
5000,control (128K),,5096,3.572809,3.572809,0.00,muon-s1-005000-global-k1
5000,control (128K),,5128,3.572595,3.572595,0.00,muon-s1-005000-global-k1
5000,control (128K),,5160,3.572346,3.572346,0.00,muon-s1-005000-global-k1
5000,control (128K),,5192,3.569927,3.569927,0.00,muon-s1-005000-global-k1
5000,control (128K),,5224,3.575374,3.575374,0.00,muon-s1-005000-global-k1
5000,control (128K),,5256,3.573586,3.573586,0.00,muon-s1-005000-global-k1
5000,control (128K),,5288,3.571339,3.571339,0.00,muon-s1-005000-global-k1
5000,control (128K),,5320,3.566726,3.566726,0.00,muon-s1-005000-global-k1
5000,control (128K),,5352,3.568342,3.568342,0.00,muon-s1-005000-global-k1
5000,control (128K),,5384,3.561873,3.561873,0.00,muon-s1-005000-global-k1
5000,control (128K),,5416,3.563792,3.563792,0.00,muon-s1-005000-global-k1
5000,control (128K),,5448,3.561928,3.561928,0.00,muon-s1-005000-global-k1
5000,control (128K),,5480,3.559102,3.559102,0.00,muon-s1-005000-global-k1
5000,control (128K),,5512,3.556425,3.556425,0.00,muon-s1-005000-global-k1
5000,control (128K),,5544,3.552007,3.552007,0.00,muon-s1-005000-global-k1
5000,control (128K),,5576,3.557160,3.557160,0.00,muon-s1-005000-global-k1
5000,control (128K),,5608,3.549829,3.549829,0.00,muon-s1-005000-global-k1
5000,control (128K),,5640,3.550953,3.550953,0.00,muon-s1-005000-global-k1
5000,control (128K),,5672,3.549081,3.549081,0.00,muon-s1-005000-global-k1
5000,control (128K),,5704,3.562172,3.562172,0.00,muon-s1-005000-global-k1
5000,control (128K),,5736,3.553341,3.553341,0.00,muon-s1-005000-global-k1
5000,control (128K),,5768,3.545557,3.545557,0.00,muon-s1-005000-global-k1
5000,control (128K),,5800,3.544400,3.544400,0.00,muon-s1-005000-global-k1
5000,control (128K),,5832,3.543182,3.543182,0.00,muon-s1-005000-global-k1
5000,control (128K),,5864,3.542387,3.542387,0.00,muon-s1-005000-global-k1
5000,control (128K),,5896,3.538810,3.538810,0.00,muon-s1-005000-global-k1
5000,control (128K),,5928,3.537988,3.537988,0.00,muon-s1-005000-global-k1
5000,control (128K),,5960,3.540310,3.540310,0.00,muon-s1-005000-global-k1
5000,control (128K),,5992,3.542458,3.542458,0.00,muon-s1-005000-global-k1
5000,control (128K),,6024,3.539597,3.539597,0.00,muon-s1-005000-global-k1
5000,fully scaled,,5000,3.583003,3.583003,0.00,muon-s1-005000-matrix-out-k16
5000,fully scaled,,5032,3.593080,3.582590,10.49,muon-s1-005000-matrix-out-k16
5000,fully scaled,,5064,3.599792,3.577601,22.19,muon-s1-005000-matrix-out-k16
5000,fully scaled,,5096,3.613176,3.572809,40.37,muon-s1-005000-matrix-out-k16
5000,fully scaled,,5128,3.623130,3.572595,50.53,muon-s1-005000-matrix-out-k16
5000,fully scaled,,5160,3.633157,3.572346,60.81,muon-s1-005000-matrix-out-k16
5000,fully scaled,,5192,3.638010,3.569927,68.08,muon-s1-005000-matrix-out-k16
5000,fully scaled,,5224,3.637950,3.575374,62.58,muon-s1-005000-matrix-out-k16
5000,fully scaled,,5256,3.648510,3.573586,74.92,muon-s1-005000-matrix-out-k16
5000,fully scaled,,5288,3.640552,3.571339,69.21,muon-s1-005000-matrix-out-k16
5000,fully scaled,,5320,3.636183,3.566726,69.46,muon-s1-005000-matrix-out-k16
5000,fully scaled,,5352,3.641142,3.568342,72.80,muon-s1-005000-matrix-out-k16
5000,fully scaled,,5384,3.641949,3.561873,80.08,muon-s1-005000-matrix-out-k16
5000,fully scaled,,5416,3.629952,3.563792,66.16,muon-s1-005000-matrix-out-k16
5000,fully scaled,,5448,3.630298,3.561928,68.37,muon-s1-005000-matrix-out-k16
5000,fully scaled,,5480,3.622653,3.559102,63.55,muon-s1-005000-matrix-out-k16
5000,fully scaled,,5512,3.619065,3.556425,62.64,muon-s1-005000-matrix-out-k16
5000,fully scaled,,5544,3.613693,3.552007,61.69,muon-s1-005000-matrix-out-k16
5000,fully scaled,,5576,3.617177,3.557160,60.02,muon-s1-005000-matrix-out-k16
5000,fully scaled,,5608,3.606700,3.549829,56.87,muon-s1-005000-matrix-out-k16
5000,fully scaled,,5640,3.602724,3.550953,51.77,muon-s1-005000-matrix-out-k16
5000,fully scaled,,5672,3.598847,3.549081,49.77,muon-s1-005000-matrix-out-k16
5000,fully scaled,,5704,3.605285,3.562172,43.11,muon-s1-005000-matrix-out-k16
5000,fully scaled,,5736,3.594632,3.553341,41.29,muon-s1-005000-matrix-out-k16
5000,fully scaled,,5768,3.590966,3.545557,45.41,muon-s1-005000-matrix-out-k16
5000,fully scaled,,5800,3.585220,3.544400,40.82,muon-s1-005000-matrix-out-k16
5000,fully scaled,,5832,3.581048,3.543182,37.87,muon-s1-005000-matrix-out-k16
5000,fully scaled,,5864,3.577451,3.542387,35.06,muon-s1-005000-matrix-out-k16
5000,fully scaled,,5896,3.579814,3.538810,41.00,muon-s1-005000-matrix-out-k16
5000,fully scaled,,5928,3.574093,3.537988,36.10,muon-s1-005000-matrix-out-k16
5000,fully scaled,,5960,3.572474,3.540310,32.16,muon-s1-005000-matrix-out-k16
5000,fully scaled,,5992,3.571978,3.542458,29.52,muon-s1-005000-matrix-out-k16
5000,fully scaled,,6024,3.570495,3.539597,30.90,muon-s1-005000-matrix-out-k16
5000,top-16 held,16,5000,3.583003,3.583003,0.00,muon-s1-005000-preggn-complement-out-k16-r16
5000,top-16 held,16,5032,3.593097,3.582590,10.51,muon-s1-005000-preggn-complement-out-k16-r16
5000,top-16 held,16,5064,3.599171,3.577601,21.57,muon-s1-005000-preggn-complement-out-k16-r16
5000,top-16 held,16,5096,3.612452,3.572809,39.64,muon-s1-005000-preggn-complement-out-k16-r16
5000,top-16 held,16,5128,3.623673,3.572595,51.08,muon-s1-005000-preggn-complement-out-k16-r16
5000,top-16 held,16,5160,3.629021,3.572346,56.67,muon-s1-005000-preggn-complement-out-k16-r16
5000,top-16 held,16,5192,3.634119,3.569927,64.19,muon-s1-005000-preggn-complement-out-k16-r16
5000,top-16 held,16,5224,3.634787,3.575374,59.41,muon-s1-005000-preggn-complement-out-k16-r16
5000,top-16 held,16,5256,3.644176,3.573586,70.59,muon-s1-005000-preggn-complement-out-k16-r16
5000,top-16 held,16,5288,3.636648,3.571339,65.31,muon-s1-005000-preggn-complement-out-k16-r16
5000,top-16 held,16,5320,3.634581,3.566726,67.85,muon-s1-005000-preggn-complement-out-k16-r16
5000,top-16 held,16,5352,3.640091,3.568342,71.75,muon-s1-005000-preggn-complement-out-k16-r16
5000,top-16 held,16,5384,3.638428,3.561873,76.56,muon-s1-005000-preggn-complement-out-k16-r16
5000,top-16 held,16,5416,3.628222,3.563792,64.43,muon-s1-005000-preggn-complement-out-k16-r16
5000,top-16 held,16,5448,3.623976,3.561928,62.05,muon-s1-005000-preggn-complement-out-k16-r16
5000,top-16 held,16,5480,3.619130,3.559102,60.03,muon-s1-005000-preggn-complement-out-k16-r16
5000,top-16 held,16,5512,3.615149,3.556425,58.72,muon-s1-005000-preggn-complement-out-k16-r16
5000,top-16 held,16,5544,3.613056,3.552007,61.05,muon-s1-005000-preggn-complement-out-k16-r16
5000,top-16 held,16,5576,3.616432,3.557160,59.27,muon-s1-005000-preggn-complement-out-k16-r16
5000,top-16 held,16,5608,3.605913,3.549829,56.08,muon-s1-005000-preggn-complement-out-k16-r16
5000,top-16 held,16,5640,3.601103,3.550953,50.15,muon-s1-005000-preggn-complement-out-k16-r16
5000,top-16 held,16,5672,3.594383,3.549081,45.30,muon-s1-005000-preggn-complement-out-k16-r16
5000,top-16 held,16,5704,3.601217,3.562172,39.05,muon-s1-005000-preggn-complement-out-k16-r16
5000,top-16 held,16,5736,3.591158,3.553341,37.82,muon-s1-005000-preggn-complement-out-k16-r16
5000,top-16 held,16,5768,3.584550,3.545557,38.99,muon-s1-005000-preggn-complement-out-k16-r16
5000,top-16 held,16,5800,3.580322,3.544400,35.92,muon-s1-005000-preggn-complement-out-k16-r16
5000,top-16 held,16,5832,3.575944,3.543182,32.76,muon-s1-005000-preggn-complement-out-k16-r16
5000,top-16 held,16,5864,3.573930,3.542387,31.54,muon-s1-005000-preggn-complement-out-k16-r16
5000,top-16 held,16,5896,3.572508,3.538810,33.70,muon-s1-005000-preggn-complement-out-k16-r16
5000,top-16 held,16,5928,3.568917,3.537988,30.93,muon-s1-005000-preggn-complement-out-k16-r16
5000,top-16 held,16,5960,3.567533,3.540310,27.22,muon-s1-005000-preggn-complement-out-k16-r16
5000,top-16 held,16,5992,3.563244,3.542458,20.79,muon-s1-005000-preggn-complement-out-k16-r16
5000,top-16 held,16,6024,3.558001,3.539597,18.40,muon-s1-005000-preggn-complement-out-k16-r16
5000,top-64 held,64,5000,3.583003,3.583003,0.00,muon-s1-005000-ggn-complement-out-k16-r64
5000,top-64 held,64,5032,3.593668,3.582590,11.08,muon-s1-005000-ggn-complement-out-k16-r64
5000,top-64 held,64,5064,3.599705,3.577601,22.10,muon-s1-005000-ggn-complement-out-k16-r64
5000,top-64 held,64,5096,3.612513,3.572809,39.70,muon-s1-005000-ggn-complement-out-k16-r64
5000,top-64 held,64,5128,3.622955,3.572595,50.36,muon-s1-005000-ggn-complement-out-k16-r64
5000,top-64 held,64,5160,3.627050,3.572346,54.70,muon-s1-005000-ggn-complement-out-k16-r64
5000,top-64 held,64,5192,3.632076,3.569927,62.15,muon-s1-005000-ggn-complement-out-k16-r64
5000,top-64 held,64,5224,3.633321,3.575374,57.95,muon-s1-005000-ggn-complement-out-k16-r64
5000,top-64 held,64,5256,3.640694,3.573586,67.11,muon-s1-005000-ggn-complement-out-k16-r64
5000,top-64 held,64,5288,3.634079,3.571339,62.74,muon-s1-005000-ggn-complement-out-k16-r64
5000,top-64 held,64,5320,3.631160,3.566726,64.43,muon-s1-005000-ggn-complement-out-k16-r64
5000,top-64 held,64,5352,3.637261,3.568342,68.92,muon-s1-005000-ggn-complement-out-k16-r64
5000,top-64 held,64,5384,3.635766,3.561873,73.89,muon-s1-005000-ggn-complement-out-k16-r64
5000,top-64 held,64,5416,3.626006,3.563792,62.21,muon-s1-005000-ggn-complement-out-k16-r64
5000,top-64 held,64,5448,3.622356,3.561928,60.43,muon-s1-005000-ggn-complement-out-k16-r64
5000,top-64 held,64,5480,3.616241,3.559102,57.14,muon-s1-005000-ggn-complement-out-k16-r64
5000,top-64 held,64,5512,3.613031,3.556425,56.61,muon-s1-005000-ggn-complement-out-k16-r64
5000,top-64 held,64,5544,3.608688,3.552007,56.68,muon-s1-005000-ggn-complement-out-k16-r64
5000,top-64 held,64,5576,3.613375,3.557160,56.22,muon-s1-005000-ggn-complement-out-k16-r64
5000,top-64 held,64,5608,3.600475,3.549829,50.65,muon-s1-005000-ggn-complement-out-k16-r64
5000,top-64 held,64,5640,3.596288,3.550953,45.34,muon-s1-005000-ggn-complement-out-k16-r64
5000,top-64 held,64,5672,3.593582,3.549081,44.50,muon-s1-005000-ggn-complement-out-k16-r64
5000,top-64 held,64,5704,3.600450,3.562172,38.28,muon-s1-005000-ggn-complement-out-k16-r64
5000,top-64 held,64,5736,3.590065,3.553341,36.72,muon-s1-005000-ggn-complement-out-k16-r64
5000,top-64 held,64,5768,3.583646,3.545557,38.09,muon-s1-005000-ggn-complement-out-k16-r64
5000,top-64 held,64,5800,3.579785,3.544400,35.38,muon-s1-005000-ggn-complement-out-k16-r64
5000,top-64 held,64,5832,3.575843,3.543182,32.66,muon-s1-005000-ggn-complement-out-k16-r64
5000,top-64 held,64,5864,3.573383,3.542387,31.00,muon-s1-005000-ggn-complement-out-k16-r64
5000,top-64 held,64,5896,3.569115,3.538810,30.30,muon-s1-005000-ggn-complement-out-k16-r64
5000,top-64 held,64,5928,3.565204,3.537988,27.22,muon-s1-005000-ggn-complement-out-k16-r64
5000,top-64 held,64,5960,3.566544,3.540310,26.23,muon-s1-005000-ggn-complement-out-k16-r64
5000,top-64 held,64,5992,3.563002,3.542458,20.54,muon-s1-005000-ggn-complement-out-k16-r64
5000,top-64 held,64,6024,3.560273,3.539597,20.68,muon-s1-005000-ggn-complement-out-k16-r64
5000,top-128 held,128,5000,3.583003,3.583003,0.00,muon-s1-005000-ggn-complement-out-k16-r128
5000,top-128 held,128,5032,3.593738,3.582590,11.15,muon-s1-005000-ggn-complement-out-k16-r128
5000,top-128 held,128,5064,3.599757,3.577601,22.16,muon-s1-005000-ggn-complement-out-k16-r128
5000,top-128 held,128,5096,3.611913,3.572809,39.10,muon-s1-005000-ggn-complement-out-k16-r128
5000,top-128 held,128,5128,3.622435,3.572595,49.84,muon-s1-005000-ggn-complement-out-k16-r128
5000,top-128 held,128,5160,3.626292,3.572346,53.95,muon-s1-005000-ggn-complement-out-k16-r128
5000,top-128 held,128,5192,3.632103,3.569927,62.18,muon-s1-005000-ggn-complement-out-k16-r128
5000,top-128 held,128,5224,3.633088,3.575374,57.71,muon-s1-005000-ggn-complement-out-k16-r128
5000,top-128 held,128,5256,3.639934,3.573586,66.35,muon-s1-005000-ggn-complement-out-k16-r128
5000,top-128 held,128,5288,3.633836,3.571339,62.50,muon-s1-005000-ggn-complement-out-k16-r128
5000,top-128 held,128,5320,3.630902,3.566726,64.18,muon-s1-005000-ggn-complement-out-k16-r128
5000,top-128 held,128,5352,3.636534,3.568342,68.19,muon-s1-005000-ggn-complement-out-k16-r128
5000,top-128 held,128,5384,3.635591,3.561873,73.72,muon-s1-005000-ggn-complement-out-k16-r128
5000,top-128 held,128,5416,3.625394,3.563792,61.60,muon-s1-005000-ggn-complement-out-k16-r128
5000,top-128 held,128,5448,3.622247,3.561928,60.32,muon-s1-005000-ggn-complement-out-k16-r128
5000,top-128 held,128,5480,3.614879,3.559102,55.78,muon-s1-005000-ggn-complement-out-k16-r128
5000,top-128 held,128,5512,3.611356,3.556425,54.93,muon-s1-005000-ggn-complement-out-k16-r128
5000,top-128 held,128,5544,3.605664,3.552007,53.66,muon-s1-005000-ggn-complement-out-k16-r128
5000,top-128 held,128,5576,3.611440,3.557160,54.28,muon-s1-005000-ggn-complement-out-k16-r128
5000,top-128 held,128,5608,3.599063,3.549829,49.23,muon-s1-005000-ggn-complement-out-k16-r128
5000,top-128 held,128,5640,3.594628,3.550953,43.68,muon-s1-005000-ggn-complement-out-k16-r128
5000,top-128 held,128,5672,3.590432,3.549081,41.35,muon-s1-005000-ggn-complement-out-k16-r128
5000,top-128 held,128,5704,3.594993,3.562172,32.82,muon-s1-005000-ggn-complement-out-k16-r128
5000,top-128 held,128,5736,3.587424,3.553341,34.08,muon-s1-005000-ggn-complement-out-k16-r128
5000,top-128 held,128,5768,3.582715,3.545557,37.16,muon-s1-005000-ggn-complement-out-k16-r128
5000,top-128 held,128,5800,3.578301,3.544400,33.90,muon-s1-005000-ggn-complement-out-k16-r128
5000,top-128 held,128,5832,3.575459,3.543182,32.28,muon-s1-005000-ggn-complement-out-k16-r128
5000,top-128 held,128,5864,3.571853,3.542387,29.47,muon-s1-005000-ggn-complement-out-k16-r128
5000,top-128 held,128,5896,3.569332,3.538810,30.52,muon-s1-005000-ggn-complement-out-k16-r128
5000,top-128 held,128,5928,3.564211,3.537988,26.22,muon-s1-005000-ggn-complement-out-k16-r128
5000,top-128 held,128,5960,3.566844,3.540310,26.53,muon-s1-005000-ggn-complement-out-k16-r128
5000,top-128 held,128,5992,3.562564,3.542458,20.11,muon-s1-005000-ggn-complement-out-k16-r128
5000,top-128 held,128,6024,3.559140,3.539597,19.54,muon-s1-005000-ggn-complement-out-k16-r128
5000,top-256 held,256,5000,3.583003,3.583003,0.00,muon-s1-005000-ggn-complement-out-k16-r256
5000,top-256 held,256,5032,3.594054,3.582590,11.46,muon-s1-005000-ggn-complement-out-k16-r256
5000,top-256 held,256,5064,3.599760,3.577601,22.16,muon-s1-005000-ggn-complement-out-k16-r256
5000,top-256 held,256,5096,3.611735,3.572809,38.93,muon-s1-005000-ggn-complement-out-k16-r256
5000,top-256 held,256,5128,3.622334,3.572595,49.74,muon-s1-005000-ggn-complement-out-k16-r256
5000,top-256 held,256,5160,3.626230,3.572346,53.88,muon-s1-005000-ggn-complement-out-k16-r256
5000,top-256 held,256,5192,3.631533,3.569927,61.61,muon-s1-005000-ggn-complement-out-k16-r256
5000,top-256 held,256,5224,3.632600,3.575374,57.23,muon-s1-005000-ggn-complement-out-k16-r256
5000,top-256 held,256,5256,3.638560,3.573586,64.97,muon-s1-005000-ggn-complement-out-k16-r256
5000,top-256 held,256,5288,3.631928,3.571339,60.59,muon-s1-005000-ggn-complement-out-k16-r256
5000,top-256 held,256,5320,3.627407,3.566726,60.68,muon-s1-005000-ggn-complement-out-k16-r256
5000,top-256 held,256,5352,3.633468,3.568342,65.13,muon-s1-005000-ggn-complement-out-k16-r256
5000,top-256 held,256,5384,3.631804,3.561873,69.93,muon-s1-005000-ggn-complement-out-k16-r256
5000,top-256 held,256,5416,3.624324,3.563792,60.53,muon-s1-005000-ggn-complement-out-k16-r256
5000,top-256 held,256,5448,3.621521,3.561928,59.59,muon-s1-005000-ggn-complement-out-k16-r256
5000,top-256 held,256,5480,3.613483,3.559102,54.38,muon-s1-005000-ggn-complement-out-k16-r256
5000,top-256 held,256,5512,3.608483,3.556425,52.06,muon-s1-005000-ggn-complement-out-k16-r256
5000,top-256 held,256,5544,3.602160,3.552007,50.15,muon-s1-005000-ggn-complement-out-k16-r256
5000,top-256 held,256,5576,3.611234,3.557160,54.07,muon-s1-005000-ggn-complement-out-k16-r256
5000,top-256 held,256,5608,3.594792,3.549829,44.96,muon-s1-005000-ggn-complement-out-k16-r256
5000,top-256 held,256,5640,3.588225,3.550953,37.27,muon-s1-005000-ggn-complement-out-k16-r256
5000,top-256 held,256,5672,3.584781,3.549081,35.70,muon-s1-005000-ggn-complement-out-k16-r256
5000,top-256 held,256,5704,3.593066,3.562172,30.89,muon-s1-005000-ggn-complement-out-k16-r256
5000,top-256 held,256,5736,3.583298,3.553341,29.96,muon-s1-005000-ggn-complement-out-k16-r256
5000,top-256 held,256,5768,3.580591,3.545557,35.03,muon-s1-005000-ggn-complement-out-k16-r256
5000,top-256 held,256,5800,3.579482,3.544400,35.08,muon-s1-005000-ggn-complement-out-k16-r256
5000,top-256 held,256,5832,3.573056,3.543182,29.87,muon-s1-005000-ggn-complement-out-k16-r256
5000,top-256 held,256,5864,3.570503,3.542387,28.12,muon-s1-005000-ggn-complement-out-k16-r256
5000,top-256 held,256,5896,3.567616,3.538810,28.81,muon-s1-005000-ggn-complement-out-k16-r256
5000,top-256 held,256,5928,3.560755,3.537988,22.77,muon-s1-005000-ggn-complement-out-k16-r256
5000,top-256 held,256,5960,3.563122,3.540310,22.81,muon-s1-005000-ggn-complement-out-k16-r256
5000,top-256 held,256,5992,3.559340,3.542458,16.88,muon-s1-005000-ggn-complement-out-k16-r256
5000,top-256 held,256,6024,3.559214,3.539597,19.62,muon-s1-005000-ggn-complement-out-k16-r256
5000,top-768 held,768,5000,3.583003,3.583003,0.00,muon-s1-005000-ggn-complement-out-k16-r768
5000,top-768 held,768,5032,3.594338,3.582590,11.75,muon-s1-005000-ggn-complement-out-k16-r768
5000,top-768 held,768,5064,3.600114,3.577601,22.51,muon-s1-005000-ggn-complement-out-k16-r768
5000,top-768 held,768,5096,3.611464,3.572809,38.66,muon-s1-005000-ggn-complement-out-k16-r768
5000,top-768 held,768,5128,3.622040,3.572595,49.45,muon-s1-005000-ggn-complement-out-k16-r768
5000,top-768 held,768,5160,3.625427,3.572346,53.08,muon-s1-005000-ggn-complement-out-k16-r768
5000,top-768 held,768,5192,3.630514,3.569927,60.59,muon-s1-005000-ggn-complement-out-k16-r768
5000,top-768 held,768,5224,3.630962,3.575374,55.59,muon-s1-005000-ggn-complement-out-k16-r768
5000,top-768 held,768,5256,3.637600,3.573586,64.01,muon-s1-005000-ggn-complement-out-k16-r768
5000,top-768 held,768,5288,3.630674,3.571339,59.33,muon-s1-005000-ggn-complement-out-k16-r768
5000,top-768 held,768,5320,3.626781,3.566726,60.05,muon-s1-005000-ggn-complement-out-k16-r768
5000,top-768 held,768,5352,3.630378,3.568342,62.04,muon-s1-005000-ggn-complement-out-k16-r768
5000,top-768 held,768,5384,3.630493,3.561873,68.62,muon-s1-005000-ggn-complement-out-k16-r768
5000,top-768 held,768,5416,3.620154,3.563792,56.36,muon-s1-005000-ggn-complement-out-k16-r768
5000,top-768 held,768,5448,3.617363,3.561928,55.43,muon-s1-005000-ggn-complement-out-k16-r768
5000,top-768 held,768,5480,3.610293,3.559102,51.19,muon-s1-005000-ggn-complement-out-k16-r768
5000,top-768 held,768,5512,3.606024,3.556425,49.60,muon-s1-005000-ggn-complement-out-k16-r768
5000,top-768 held,768,5544,3.599672,3.552007,47.66,muon-s1-005000-ggn-complement-out-k16-r768
5000,top-768 held,768,5576,3.607325,3.557160,50.17,muon-s1-005000-ggn-complement-out-k16-r768
5000,top-768 held,768,5608,3.594469,3.549829,44.64,muon-s1-005000-ggn-complement-out-k16-r768
5000,top-768 held,768,5640,3.586189,3.550953,35.24,muon-s1-005000-ggn-complement-out-k16-r768
5000,top-768 held,768,5672,3.582139,3.549081,33.06,muon-s1-005000-ggn-complement-out-k16-r768
5000,top-768 held,768,5704,3.590204,3.562172,28.03,muon-s1-005000-ggn-complement-out-k16-r768
5000,top-768 held,768,5736,3.579593,3.553341,26.25,muon-s1-005000-ggn-complement-out-k16-r768
5000,top-768 held,768,5768,3.575548,3.545557,29.99,muon-s1-005000-ggn-complement-out-k16-r768
5000,top-768 held,768,5800,3.574348,3.544400,29.95,muon-s1-005000-ggn-complement-out-k16-r768
5000,top-768 held,768,5832,3.569039,3.543182,25.86,muon-s1-005000-ggn-complement-out-k16-r768
5000,top-768 held,768,5864,3.568104,3.542387,25.72,muon-s1-005000-ggn-complement-out-k16-r768
5000,top-768 held,768,5896,3.565567,3.538810,26.76,muon-s1-005000-ggn-complement-out-k16-r768
5000,top-768 held,768,5928,3.557584,3.537988,19.60,muon-s1-005000-ggn-complement-out-k16-r768
5000,top-768 held,768,5960,3.560817,3.540310,20.51,muon-s1-005000-ggn-complement-out-k16-r768
5000,top-768 held,768,5992,3.556242,3.542458,13.78,muon-s1-005000-ggn-complement-out-k16-r768
5000,top-768 held,768,6024,3.556495,3.539597,16.90,muon-s1-005000-ggn-complement-out-k16-r768
5000,random-768 held,768,5000,3.583003,3.583003,0.00,muon-s1-005000-ggn-random-complement-out-k16-r768
5000,random-768 held,768,5032,3.593050,3.582590,10.46,muon-s1-005000-ggn-random-complement-out-k16-r768
5000,random-768 held,768,5064,3.599823,3.577601,22.22,muon-s1-005000-ggn-random-complement-out-k16-r768
5000,random-768 held,768,5096,3.613158,3.572809,40.35,muon-s1-005000-ggn-random-complement-out-k16-r768
5000,random-768 held,768,5128,3.623082,3.572595,50.49,muon-s1-005000-ggn-random-complement-out-k16-r768
5000,random-768 held,768,5160,3.632983,3.572346,60.64,muon-s1-005000-ggn-random-complement-out-k16-r768
5000,random-768 held,768,5192,3.638028,3.569927,68.10,muon-s1-005000-ggn-random-complement-out-k16-r768
5000,random-768 held,768,5224,3.637884,3.575374,62.51,muon-s1-005000-ggn-random-complement-out-k16-r768
5000,random-768 held,768,5256,3.648487,3.573586,74.90,muon-s1-005000-ggn-random-complement-out-k16-r768
5000,random-768 held,768,5288,3.640465,3.571339,69.13,muon-s1-005000-ggn-random-complement-out-k16-r768
5000,random-768 held,768,5320,3.636041,3.566726,69.31,muon-s1-005000-ggn-random-complement-out-k16-r768
5000,random-768 held,768,5352,3.641323,3.568342,72.98,muon-s1-005000-ggn-random-complement-out-k16-r768
5000,random-768 held,768,5384,3.642004,3.561873,80.13,muon-s1-005000-ggn-random-complement-out-k16-r768
5000,random-768 held,768,5416,3.629716,3.563792,65.92,muon-s1-005000-ggn-random-complement-out-k16-r768
5000,random-768 held,768,5448,3.630523,3.561928,68.59,muon-s1-005000-ggn-random-complement-out-k16-r768
5000,random-768 held,768,5480,3.622730,3.559102,63.63,muon-s1-005000-ggn-random-complement-out-k16-r768
5000,random-768 held,768,5512,3.618999,3.556425,62.57,muon-s1-005000-ggn-random-complement-out-k16-r768
5000,random-768 held,768,5544,3.613829,3.552007,61.82,muon-s1-005000-ggn-random-complement-out-k16-r768
5000,random-768 held,768,5576,3.617111,3.557160,59.95,muon-s1-005000-ggn-random-complement-out-k16-r768
5000,random-768 held,768,5608,3.606790,3.549829,56.96,muon-s1-005000-ggn-random-complement-out-k16-r768
5000,random-768 held,768,5640,3.602956,3.550953,52.00,muon-s1-005000-ggn-random-complement-out-k16-r768
5000,random-768 held,768,5672,3.599013,3.549081,49.93,muon-s1-005000-ggn-random-complement-out-k16-r768
5000,random-768 held,768,5704,3.605266,3.562172,43.09,muon-s1-005000-ggn-random-complement-out-k16-r768
5000,random-768 held,768,5736,3.594913,3.553341,41.57,muon-s1-005000-ggn-random-complement-out-k16-r768
5000,random-768 held,768,5768,3.590271,3.545557,44.71,muon-s1-005000-ggn-random-complement-out-k16-r768
5000,random-768 held,768,5800,3.585261,3.544400,40.86,muon-s1-005000-ggn-random-complement-out-k16-r768
5000,random-768 held,768,5832,3.581543,3.543182,38.36,muon-s1-005000-ggn-random-complement-out-k16-r768
5000,random-768 held,768,5864,3.577664,3.542387,35.28,muon-s1-005000-ggn-random-complement-out-k16-r768
5000,random-768 held,768,5896,3.579938,3.538810,41.13,muon-s1-005000-ggn-random-complement-out-k16-r768
5000,random-768 held,768,5928,3.573990,3.537988,36.00,muon-s1-005000-ggn-random-complement-out-k16-r768
5000,random-768 held,768,5960,3.572716,3.540310,32.41,muon-s1-005000-ggn-random-complement-out-k16-r768
5000,random-768 held,768,5992,3.571801,3.542458,29.34,muon-s1-005000-ggn-random-complement-out-k16-r768
5000,random-768 held,768,6024,3.570302,3.539597,30.71,muon-s1-005000-ggn-random-complement-out-k16-r768
6000,control (128K),,6000,3.542707,3.542707,0.00,muon-s1-006000-global-k1
6000,control (128K),,6032,3.539168,3.539168,0.00,muon-s1-006000-global-k1
6000,control (128K),,6064,3.533748,3.533748,0.00,muon-s1-006000-global-k1
6000,control (128K),,6096,3.531810,3.531810,0.00,muon-s1-006000-global-k1
6000,control (128K),,6128,3.536556,3.536556,0.00,muon-s1-006000-global-k1
6000,control (128K),,6160,3.544425,3.544425,0.00,muon-s1-006000-global-k1
6000,control (128K),,6192,3.531747,3.531747,0.00,muon-s1-006000-global-k1
6000,control (128K),,6224,3.531053,3.531053,0.00,muon-s1-006000-global-k1
6000,control (128K),,6256,3.528810,3.528810,0.00,muon-s1-006000-global-k1
6000,control (128K),,6288,3.526635,3.526635,0.00,muon-s1-006000-global-k1
6000,control (128K),,6320,3.520688,3.520688,0.00,muon-s1-006000-global-k1
6000,control (128K),,6352,3.526563,3.526563,0.00,muon-s1-006000-global-k1
6000,control (128K),,6384,3.522016,3.522016,0.00,muon-s1-006000-global-k1
6000,control (128K),,6416,3.519764,3.519764,0.00,muon-s1-006000-global-k1
6000,control (128K),,6448,3.517695,3.517695,0.00,muon-s1-006000-global-k1
6000,control (128K),,6480,3.519304,3.519304,0.00,muon-s1-006000-global-k1
6000,control (128K),,6512,3.512794,3.512794,0.00,muon-s1-006000-global-k1
6000,control (128K),,6544,3.511844,3.511844,0.00,muon-s1-006000-global-k1
6000,control (128K),,6576,3.519559,3.519559,0.00,muon-s1-006000-global-k1
6000,control (128K),,6608,3.509344,3.509344,0.00,muon-s1-006000-global-k1
6000,control (128K),,6640,3.514002,3.514002,0.00,muon-s1-006000-global-k1
6000,control (128K),,6672,3.510016,3.510016,0.00,muon-s1-006000-global-k1
6000,control (128K),,6704,3.507704,3.507704,0.00,muon-s1-006000-global-k1
6000,control (128K),,6736,3.506553,3.506553,0.00,muon-s1-006000-global-k1
6000,control (128K),,6768,3.505087,3.505087,0.00,muon-s1-006000-global-k1
6000,control (128K),,6800,3.506546,3.506546,0.00,muon-s1-006000-global-k1
6000,control (128K),,6832,3.502173,3.502173,0.00,muon-s1-006000-global-k1
6000,control (128K),,6864,3.499249,3.499249,0.00,muon-s1-006000-global-k1
6000,control (128K),,6896,3.498166,3.498166,0.00,muon-s1-006000-global-k1
6000,control (128K),,6928,3.497848,3.497848,0.00,muon-s1-006000-global-k1
6000,control (128K),,6960,3.495267,3.495267,0.00,muon-s1-006000-global-k1
6000,control (128K),,6992,3.499398,3.499398,0.00,muon-s1-006000-global-k1
6000,control (128K),,7024,3.496534,3.496534,0.00,muon-s1-006000-global-k1
6000,fully scaled,,6000,3.542707,3.542707,0.00,muon-s1-006000-matrix-out-k16
6000,fully scaled,,6032,3.545349,3.539168,6.18,muon-s1-006000-matrix-out-k16
6000,fully scaled,,6064,3.558335,3.533748,24.59,muon-s1-006000-matrix-out-k16
6000,fully scaled,,6096,3.571776,3.531810,39.97,muon-s1-006000-matrix-out-k16
6000,fully scaled,,6128,3.578909,3.536556,42.35,muon-s1-006000-matrix-out-k16
6000,fully scaled,,6160,3.579717,3.544425,35.29,muon-s1-006000-matrix-out-k16
6000,fully scaled,,6192,3.585498,3.531747,53.75,muon-s1-006000-matrix-out-k16
6000,fully scaled,,6224,3.589942,3.531053,58.89,muon-s1-006000-matrix-out-k16
6000,fully scaled,,6256,3.588782,3.528810,59.97,muon-s1-006000-matrix-out-k16
6000,fully scaled,,6288,3.594345,3.526635,67.71,muon-s1-006000-matrix-out-k16
6000,fully scaled,,6320,3.589131,3.520688,68.44,muon-s1-006000-matrix-out-k16
6000,fully scaled,,6352,3.594801,3.526563,68.24,muon-s1-006000-matrix-out-k16
6000,fully scaled,,6384,3.587753,3.522016,65.74,muon-s1-006000-matrix-out-k16
6000,fully scaled,,6416,3.584324,3.519764,64.56,muon-s1-006000-matrix-out-k16
6000,fully scaled,,6448,3.579488,3.517695,61.79,muon-s1-006000-matrix-out-k16
6000,fully scaled,,6480,3.581435,3.519304,62.13,muon-s1-006000-matrix-out-k16
6000,fully scaled,,6512,3.571493,3.512794,58.70,muon-s1-006000-matrix-out-k16
6000,fully scaled,,6544,3.570070,3.511844,58.23,muon-s1-006000-matrix-out-k16
6000,fully scaled,,6576,3.566595,3.519559,47.04,muon-s1-006000-matrix-out-k16
6000,fully scaled,,6608,3.562170,3.509344,52.83,muon-s1-006000-matrix-out-k16
6000,fully scaled,,6640,3.566235,3.514002,52.23,muon-s1-006000-matrix-out-k16
6000,fully scaled,,6672,3.558312,3.510016,48.30,muon-s1-006000-matrix-out-k16
6000,fully scaled,,6704,3.555411,3.507704,47.71,muon-s1-006000-matrix-out-k16
6000,fully scaled,,6736,3.555866,3.506553,49.31,muon-s1-006000-matrix-out-k16
6000,fully scaled,,6768,3.547909,3.505087,42.82,muon-s1-006000-matrix-out-k16
6000,fully scaled,,6800,3.547736,3.506546,41.19,muon-s1-006000-matrix-out-k16
6000,fully scaled,,6832,3.546719,3.502173,44.55,muon-s1-006000-matrix-out-k16
6000,fully scaled,,6864,3.540535,3.499249,41.29,muon-s1-006000-matrix-out-k16
6000,fully scaled,,6896,3.536477,3.498166,38.31,muon-s1-006000-matrix-out-k16
6000,fully scaled,,6928,3.531377,3.497848,33.53,muon-s1-006000-matrix-out-k16
6000,fully scaled,,6960,3.529262,3.495267,34.00,muon-s1-006000-matrix-out-k16
6000,fully scaled,,6992,3.526982,3.499398,27.58,muon-s1-006000-matrix-out-k16
6000,fully scaled,,7024,3.523437,3.496534,26.90,muon-s1-006000-matrix-out-k16
6000,top-16 held,16,6000,3.542707,3.542707,0.00,muon-s1-006000-ggn-complement-out-k16-r16
6000,top-16 held,16,6032,3.545881,3.539168,6.71,muon-s1-006000-ggn-complement-out-k16-r16
6000,top-16 held,16,6064,3.557516,3.533748,23.77,muon-s1-006000-ggn-complement-out-k16-r16
6000,top-16 held,16,6096,3.571027,3.531810,39.22,muon-s1-006000-ggn-complement-out-k16-r16
6000,top-16 held,16,6128,3.577575,3.536556,41.02,muon-s1-006000-ggn-complement-out-k16-r16
6000,top-16 held,16,6160,3.580371,3.544425,35.95,muon-s1-006000-ggn-complement-out-k16-r16
6000,top-16 held,16,6192,3.586236,3.531747,54.49,muon-s1-006000-ggn-complement-out-k16-r16
6000,top-16 held,16,6224,3.587549,3.531053,56.50,muon-s1-006000-ggn-complement-out-k16-r16
6000,top-16 held,16,6256,3.588392,3.528810,59.58,muon-s1-006000-ggn-complement-out-k16-r16
6000,top-16 held,16,6288,3.590052,3.526635,63.42,muon-s1-006000-ggn-complement-out-k16-r16
6000,top-16 held,16,6320,3.585789,3.520688,65.10,muon-s1-006000-ggn-complement-out-k16-r16
6000,top-16 held,16,6352,3.592612,3.526563,66.05,muon-s1-006000-ggn-complement-out-k16-r16
6000,top-16 held,16,6384,3.587351,3.522016,65.34,muon-s1-006000-ggn-complement-out-k16-r16
6000,top-16 held,16,6416,3.584292,3.519764,64.53,muon-s1-006000-ggn-complement-out-k16-r16
6000,top-16 held,16,6448,3.578493,3.517695,60.80,muon-s1-006000-ggn-complement-out-k16-r16
6000,top-16 held,16,6480,3.578367,3.519304,59.06,muon-s1-006000-ggn-complement-out-k16-r16
6000,top-16 held,16,6512,3.571136,3.512794,58.34,muon-s1-006000-ggn-complement-out-k16-r16
6000,top-16 held,16,6544,3.569498,3.511844,57.65,muon-s1-006000-ggn-complement-out-k16-r16
6000,top-16 held,16,6576,3.566572,3.519559,47.01,muon-s1-006000-ggn-complement-out-k16-r16
6000,top-16 held,16,6608,3.560920,3.509344,51.58,muon-s1-006000-ggn-complement-out-k16-r16
6000,top-16 held,16,6640,3.564626,3.514002,50.62,muon-s1-006000-ggn-complement-out-k16-r16
6000,top-16 held,16,6672,3.557490,3.510016,47.47,muon-s1-006000-ggn-complement-out-k16-r16
6000,top-16 held,16,6704,3.553810,3.507704,46.11,muon-s1-006000-ggn-complement-out-k16-r16
6000,top-16 held,16,6736,3.553678,3.506553,47.12,muon-s1-006000-ggn-complement-out-k16-r16
6000,top-16 held,16,6768,3.545671,3.505087,40.58,muon-s1-006000-ggn-complement-out-k16-r16
6000,top-16 held,16,6800,3.545728,3.506546,39.18,muon-s1-006000-ggn-complement-out-k16-r16
6000,top-16 held,16,6832,3.543843,3.502173,41.67,muon-s1-006000-ggn-complement-out-k16-r16
6000,top-16 held,16,6864,3.540519,3.499249,41.27,muon-s1-006000-ggn-complement-out-k16-r16
6000,top-16 held,16,6896,3.535217,3.498166,37.05,muon-s1-006000-ggn-complement-out-k16-r16
6000,top-16 held,16,6928,3.528576,3.497848,30.73,muon-s1-006000-ggn-complement-out-k16-r16
6000,top-16 held,16,6960,3.523508,3.495267,28.24,muon-s1-006000-ggn-complement-out-k16-r16
6000,top-16 held,16,6992,3.523997,3.499398,24.60,muon-s1-006000-ggn-complement-out-k16-r16
6000,top-16 held,16,7024,3.520332,3.496534,23.80,muon-s1-006000-ggn-complement-out-k16-r16
6000,top-64 held,64,6000,3.542707,3.542707,0.00,muon-s1-006000-ggn-complement-out-k16-r64
6000,top-64 held,64,6032,3.546719,3.539168,7.55,muon-s1-006000-ggn-complement-out-k16-r64
6000,top-64 held,64,6064,3.557214,3.533748,23.47,muon-s1-006000-ggn-complement-out-k16-r64
6000,top-64 held,64,6096,3.571078,3.531810,39.27,muon-s1-006000-ggn-complement-out-k16-r64
6000,top-64 held,64,6128,3.577200,3.536556,40.64,muon-s1-006000-ggn-complement-out-k16-r64
6000,top-64 held,64,6160,3.580046,3.544425,35.62,muon-s1-006000-ggn-complement-out-k16-r64
6000,top-64 held,64,6192,3.584799,3.531747,53.05,muon-s1-006000-ggn-complement-out-k16-r64
6000,top-64 held,64,6224,3.585814,3.531053,54.76,muon-s1-006000-ggn-complement-out-k16-r64
6000,top-64 held,64,6256,3.585915,3.528810,57.10,muon-s1-006000-ggn-complement-out-k16-r64
6000,top-64 held,64,6288,3.585881,3.526635,59.25,muon-s1-006000-ggn-complement-out-k16-r64
6000,top-64 held,64,6320,3.581030,3.520688,60.34,muon-s1-006000-ggn-complement-out-k16-r64
6000,top-64 held,64,6352,3.587800,3.526563,61.24,muon-s1-006000-ggn-complement-out-k16-r64
6000,top-64 held,64,6384,3.582219,3.522016,60.20,muon-s1-006000-ggn-complement-out-k16-r64
6000,top-64 held,64,6416,3.579765,3.519764,60.00,muon-s1-006000-ggn-complement-out-k16-r64
6000,top-64 held,64,6448,3.575404,3.517695,57.71,muon-s1-006000-ggn-complement-out-k16-r64
6000,top-64 held,64,6480,3.574424,3.519304,55.12,muon-s1-006000-ggn-complement-out-k16-r64
6000,top-64 held,64,6512,3.566534,3.512794,53.74,muon-s1-006000-ggn-complement-out-k16-r64
6000,top-64 held,64,6544,3.565714,3.511844,53.87,muon-s1-006000-ggn-complement-out-k16-r64
6000,top-64 held,64,6576,3.562369,3.519559,42.81,muon-s1-006000-ggn-complement-out-k16-r64
6000,top-64 held,64,6608,3.556592,3.509344,47.25,muon-s1-006000-ggn-complement-out-k16-r64
6000,top-64 held,64,6640,3.558107,3.514002,44.11,muon-s1-006000-ggn-complement-out-k16-r64
6000,top-64 held,64,6672,3.554394,3.510016,44.38,muon-s1-006000-ggn-complement-out-k16-r64
6000,top-64 held,64,6704,3.551595,3.507704,43.89,muon-s1-006000-ggn-complement-out-k16-r64
6000,top-64 held,64,6736,3.549132,3.506553,42.58,muon-s1-006000-ggn-complement-out-k16-r64
6000,top-64 held,64,6768,3.541703,3.505087,36.62,muon-s1-006000-ggn-complement-out-k16-r64
6000,top-64 held,64,6800,3.541366,3.506546,34.82,muon-s1-006000-ggn-complement-out-k16-r64
6000,top-64 held,64,6832,3.537853,3.502173,35.68,muon-s1-006000-ggn-complement-out-k16-r64
6000,top-64 held,64,6864,3.534509,3.499249,35.26,muon-s1-006000-ggn-complement-out-k16-r64
6000,top-64 held,64,6896,3.532331,3.498166,34.17,muon-s1-006000-ggn-complement-out-k16-r64
6000,top-64 held,64,6928,3.526008,3.497848,28.16,muon-s1-006000-ggn-complement-out-k16-r64
6000,top-64 held,64,6960,3.521747,3.495267,26.48,muon-s1-006000-ggn-complement-out-k16-r64
6000,top-64 held,64,6992,3.518882,3.499398,19.48,muon-s1-006000-ggn-complement-out-k16-r64
6000,top-64 held,64,7024,3.514960,3.496534,18.43,muon-s1-006000-ggn-complement-out-k16-r64
6000,top-128 held,128,6000,3.542707,3.542707,0.00,muon-s1-006000-ggn-complement-out-k16-r128
6000,top-128 held,128,6032,3.546878,3.539168,7.71,muon-s1-006000-ggn-complement-out-k16-r128
6000,top-128 held,128,6064,3.557503,3.533748,23.75,muon-s1-006000-ggn-complement-out-k16-r128
6000,top-128 held,128,6096,3.570994,3.531810,39.18,muon-s1-006000-ggn-complement-out-k16-r128
6000,top-128 held,128,6128,3.577198,3.536556,40.64,muon-s1-006000-ggn-complement-out-k16-r128
6000,top-128 held,128,6160,3.580313,3.544425,35.89,muon-s1-006000-ggn-complement-out-k16-r128
6000,top-128 held,128,6192,3.584952,3.531747,53.20,muon-s1-006000-ggn-complement-out-k16-r128
6000,top-128 held,128,6224,3.585699,3.531053,54.65,muon-s1-006000-ggn-complement-out-k16-r128
6000,top-128 held,128,6256,3.585955,3.528810,57.15,muon-s1-006000-ggn-complement-out-k16-r128
6000,top-128 held,128,6288,3.585103,3.526635,58.47,muon-s1-006000-ggn-complement-out-k16-r128
6000,top-128 held,128,6320,3.581038,3.520688,60.35,muon-s1-006000-ggn-complement-out-k16-r128
6000,top-128 held,128,6352,3.586780,3.526563,60.22,muon-s1-006000-ggn-complement-out-k16-r128
6000,top-128 held,128,6384,3.581481,3.522016,59.47,muon-s1-006000-ggn-complement-out-k16-r128
6000,top-128 held,128,6416,3.578144,3.519764,58.38,muon-s1-006000-ggn-complement-out-k16-r128
6000,top-128 held,128,6448,3.574536,3.517695,56.84,muon-s1-006000-ggn-complement-out-k16-r128
6000,top-128 held,128,6480,3.572653,3.519304,53.35,muon-s1-006000-ggn-complement-out-k16-r128
6000,top-128 held,128,6512,3.564318,3.512794,51.52,muon-s1-006000-ggn-complement-out-k16-r128
6000,top-128 held,128,6544,3.563097,3.511844,51.25,muon-s1-006000-ggn-complement-out-k16-r128
6000,top-128 held,128,6576,3.560055,3.519559,40.50,muon-s1-006000-ggn-complement-out-k16-r128
6000,top-128 held,128,6608,3.555062,3.509344,45.72,muon-s1-006000-ggn-complement-out-k16-r128
6000,top-128 held,128,6640,3.556417,3.514002,42.42,muon-s1-006000-ggn-complement-out-k16-r128
6000,top-128 held,128,6672,3.552605,3.510016,42.59,muon-s1-006000-ggn-complement-out-k16-r128
6000,top-128 held,128,6704,3.550151,3.507704,42.45,muon-s1-006000-ggn-complement-out-k16-r128
6000,top-128 held,128,6736,3.546824,3.506553,40.27,muon-s1-006000-ggn-complement-out-k16-r128
6000,top-128 held,128,6768,3.540464,3.505087,35.38,muon-s1-006000-ggn-complement-out-k16-r128
6000,top-128 held,128,6800,3.541420,3.506546,34.87,muon-s1-006000-ggn-complement-out-k16-r128
6000,top-128 held,128,6832,3.535458,3.502173,33.29,muon-s1-006000-ggn-complement-out-k16-r128
6000,top-128 held,128,6864,3.533662,3.499249,34.41,muon-s1-006000-ggn-complement-out-k16-r128
6000,top-128 held,128,6896,3.529462,3.498166,31.30,muon-s1-006000-ggn-complement-out-k16-r128
6000,top-128 held,128,6928,3.523440,3.497848,25.59,muon-s1-006000-ggn-complement-out-k16-r128
6000,top-128 held,128,6960,3.518992,3.495267,23.73,muon-s1-006000-ggn-complement-out-k16-r128
6000,top-128 held,128,6992,3.518489,3.499398,19.09,muon-s1-006000-ggn-complement-out-k16-r128
6000,top-128 held,128,7024,3.512246,3.496534,15.71,muon-s1-006000-ggn-complement-out-k16-r128
6000,top-256 held,256,6000,3.542707,3.542707,0.00,muon-s1-006000-ggn-complement-out-k16-r256
6000,top-256 held,256,6032,3.547190,3.539168,8.02,muon-s1-006000-ggn-complement-out-k16-r256
6000,top-256 held,256,6064,3.557881,3.533748,24.13,muon-s1-006000-ggn-complement-out-k16-r256
6000,top-256 held,256,6096,3.571301,3.531810,39.49,muon-s1-006000-ggn-complement-out-k16-r256
6000,top-256 held,256,6128,3.577543,3.536556,40.99,muon-s1-006000-ggn-complement-out-k16-r256
6000,top-256 held,256,6160,3.580054,3.544425,35.63,muon-s1-006000-ggn-complement-out-k16-r256
6000,top-256 held,256,6192,3.584435,3.531747,52.69,muon-s1-006000-ggn-complement-out-k16-r256
6000,top-256 held,256,6224,3.585455,3.531053,54.40,muon-s1-006000-ggn-complement-out-k16-r256
6000,top-256 held,256,6256,3.584537,3.528810,55.73,muon-s1-006000-ggn-complement-out-k16-r256
6000,top-256 held,256,6288,3.585382,3.526635,58.75,muon-s1-006000-ggn-complement-out-k16-r256
6000,top-256 held,256,6320,3.579336,3.520688,58.65,muon-s1-006000-ggn-complement-out-k16-r256
6000,top-256 held,256,6352,3.584869,3.526563,58.31,muon-s1-006000-ggn-complement-out-k16-r256
6000,top-256 held,256,6384,3.579361,3.522016,57.35,muon-s1-006000-ggn-complement-out-k16-r256
6000,top-256 held,256,6416,3.577208,3.519764,57.44,muon-s1-006000-ggn-complement-out-k16-r256
6000,top-256 held,256,6448,3.572596,3.517695,54.90,muon-s1-006000-ggn-complement-out-k16-r256
6000,top-256 held,256,6480,3.571197,3.519304,51.89,muon-s1-006000-ggn-complement-out-k16-r256
6000,top-256 held,256,6512,3.562721,3.512794,49.93,muon-s1-006000-ggn-complement-out-k16-r256
6000,top-256 held,256,6544,3.562785,3.511844,50.94,muon-s1-006000-ggn-complement-out-k16-r256
6000,top-256 held,256,6576,3.560365,3.519559,40.81,muon-s1-006000-ggn-complement-out-k16-r256
6000,top-256 held,256,6608,3.554003,3.509344,44.66,muon-s1-006000-ggn-complement-out-k16-r256
6000,top-256 held,256,6640,3.554618,3.514002,40.62,muon-s1-006000-ggn-complement-out-k16-r256
6000,top-256 held,256,6672,3.549906,3.510016,39.89,muon-s1-006000-ggn-complement-out-k16-r256
6000,top-256 held,256,6704,3.547557,3.507704,39.85,muon-s1-006000-ggn-complement-out-k16-r256
6000,top-256 held,256,6736,3.546003,3.506553,39.45,muon-s1-006000-ggn-complement-out-k16-r256
6000,top-256 held,256,6768,3.538708,3.505087,33.62,muon-s1-006000-ggn-complement-out-k16-r256
6000,top-256 held,256,6800,3.538617,3.506546,32.07,muon-s1-006000-ggn-complement-out-k16-r256
6000,top-256 held,256,6832,3.533865,3.502173,31.69,muon-s1-006000-ggn-complement-out-k16-r256
6000,top-256 held,256,6864,3.531116,3.499249,31.87,muon-s1-006000-ggn-complement-out-k16-r256
6000,top-256 held,256,6896,3.526802,3.498166,28.64,muon-s1-006000-ggn-complement-out-k16-r256
6000,top-256 held,256,6928,3.520922,3.497848,23.07,muon-s1-006000-ggn-complement-out-k16-r256
6000,top-256 held,256,6960,3.517169,3.495267,21.90,muon-s1-006000-ggn-complement-out-k16-r256
6000,top-256 held,256,6992,3.516728,3.499398,17.33,muon-s1-006000-ggn-complement-out-k16-r256
6000,top-256 held,256,7024,3.511900,3.496534,15.37,muon-s1-006000-ggn-complement-out-k16-r256
6000,top-768 held,768,6000,3.542707,3.542707,0.00,muon-s1-006000-ggn-complement-out-k16-r768
6000,top-768 held,768,6032,3.547168,3.539168,8.00,muon-s1-006000-ggn-complement-out-k16-r768
6000,top-768 held,768,6064,3.558047,3.533748,24.30,muon-s1-006000-ggn-complement-out-k16-r768
6000,top-768 held,768,6096,3.571481,3.531810,39.67,muon-s1-006000-ggn-complement-out-k16-r768
6000,top-768 held,768,6128,3.577403,3.536556,40.85,muon-s1-006000-ggn-complement-out-k16-r768
6000,top-768 held,768,6160,3.580017,3.544425,35.59,muon-s1-006000-ggn-complement-out-k16-r768
6000,top-768 held,768,6192,3.584082,3.531747,52.34,muon-s1-006000-ggn-complement-out-k16-r768
6000,top-768 held,768,6224,3.584710,3.531053,53.66,muon-s1-006000-ggn-complement-out-k16-r768
6000,top-768 held,768,6256,3.583688,3.528810,54.88,muon-s1-006000-ggn-complement-out-k16-r768
6000,top-768 held,768,6288,3.583623,3.526635,56.99,muon-s1-006000-ggn-complement-out-k16-r768
6000,top-768 held,768,6320,3.577189,3.520688,56.50,muon-s1-006000-ggn-complement-out-k16-r768
6000,top-768 held,768,6352,3.582042,3.526563,55.48,muon-s1-006000-ggn-complement-out-k16-r768
6000,top-768 held,768,6384,3.576981,3.522016,54.97,muon-s1-006000-ggn-complement-out-k16-r768
6000,top-768 held,768,6416,3.574240,3.519764,54.48,muon-s1-006000-ggn-complement-out-k16-r768
6000,top-768 held,768,6448,3.569682,3.517695,51.99,muon-s1-006000-ggn-complement-out-k16-r768
6000,top-768 held,768,6480,3.568172,3.519304,48.87,muon-s1-006000-ggn-complement-out-k16-r768
6000,top-768 held,768,6512,3.559975,3.512794,47.18,muon-s1-006000-ggn-complement-out-k16-r768
6000,top-768 held,768,6544,3.558668,3.511844,46.82,muon-s1-006000-ggn-complement-out-k16-r768
6000,top-768 held,768,6576,3.556755,3.519559,37.20,muon-s1-006000-ggn-complement-out-k16-r768
6000,top-768 held,768,6608,3.550167,3.509344,40.82,muon-s1-006000-ggn-complement-out-k16-r768
6000,top-768 held,768,6640,3.552839,3.514002,38.84,muon-s1-006000-ggn-complement-out-k16-r768
6000,top-768 held,768,6672,3.547818,3.510016,37.80,muon-s1-006000-ggn-complement-out-k16-r768
6000,top-768 held,768,6704,3.545465,3.507704,37.76,muon-s1-006000-ggn-complement-out-k16-r768
6000,top-768 held,768,6736,3.541947,3.506553,35.39,muon-s1-006000-ggn-complement-out-k16-r768
6000,top-768 held,768,6768,3.536473,3.505087,31.39,muon-s1-006000-ggn-complement-out-k16-r768
6000,top-768 held,768,6800,3.536358,3.506546,29.81,muon-s1-006000-ggn-complement-out-k16-r768
6000,top-768 held,768,6832,3.529799,3.502173,27.63,muon-s1-006000-ggn-complement-out-k16-r768
6000,top-768 held,768,6864,3.528913,3.499249,29.66,muon-s1-006000-ggn-complement-out-k16-r768
6000,top-768 held,768,6896,3.524953,3.498166,26.79,muon-s1-006000-ggn-complement-out-k16-r768
6000,top-768 held,768,6928,3.518121,3.497848,20.27,muon-s1-006000-ggn-complement-out-k16-r768
6000,top-768 held,768,6960,3.513341,3.495267,18.07,muon-s1-006000-ggn-complement-out-k16-r768
6000,top-768 held,768,6992,3.514411,3.499398,15.01,muon-s1-006000-ggn-complement-out-k16-r768
6000,top-768 held,768,7024,3.508818,3.496534,12.28,muon-s1-006000-ggn-complement-out-k16-r768
6000,random-768 held,768,6000,3.542707,3.542707,0.00,muon-s1-006000-ggn-random-complement-out-k16-r768
6000,random-768 held,768,6032,3.545415,3.539168,6.25,muon-s1-006000-ggn-random-complement-out-k16-r768
6000,random-768 held,768,6064,3.558303,3.533748,24.55,muon-s1-006000-ggn-random-complement-out-k16-r768
6000,random-768 held,768,6096,3.571819,3.531810,40.01,muon-s1-006000-ggn-random-complement-out-k16-r768
6000,random-768 held,768,6128,3.578943,3.536556,42.39,muon-s1-006000-ggn-random-complement-out-k16-r768
6000,random-768 held,768,6160,3.579643,3.544425,35.22,muon-s1-006000-ggn-random-complement-out-k16-r768
6000,random-768 held,768,6192,3.585515,3.531747,53.77,muon-s1-006000-ggn-random-complement-out-k16-r768
6000,random-768 held,768,6224,3.590019,3.531053,58.97,muon-s1-006000-ggn-random-complement-out-k16-r768
6000,random-768 held,768,6256,3.588838,3.528810,60.03,muon-s1-006000-ggn-random-complement-out-k16-r768
6000,random-768 held,768,6288,3.594686,3.526635,68.05,muon-s1-006000-ggn-random-complement-out-k16-r768
6000,random-768 held,768,6320,3.589260,3.520688,68.57,muon-s1-006000-ggn-random-complement-out-k16-r768
6000,random-768 held,768,6352,3.594851,3.526563,68.29,muon-s1-006000-ggn-random-complement-out-k16-r768
6000,random-768 held,768,6384,3.588011,3.522016,66.00,muon-s1-006000-ggn-random-complement-out-k16-r768
6000,random-768 held,768,6416,3.584472,3.519764,64.71,muon-s1-006000-ggn-random-complement-out-k16-r768
6000,random-768 held,768,6448,3.579747,3.517695,62.05,muon-s1-006000-ggn-random-complement-out-k16-r768
6000,random-768 held,768,6480,3.581530,3.519304,62.23,muon-s1-006000-ggn-random-complement-out-k16-r768
6000,random-768 held,768,6512,3.571476,3.512794,58.68,muon-s1-006000-ggn-random-complement-out-k16-r768
6000,random-768 held,768,6544,3.569820,3.511844,57.98,muon-s1-006000-ggn-random-complement-out-k16-r768
6000,random-768 held,768,6576,3.566407,3.519559,46.85,muon-s1-006000-ggn-random-complement-out-k16-r768
6000,random-768 held,768,6608,3.561980,3.509344,52.64,muon-s1-006000-ggn-random-complement-out-k16-r768
6000,random-768 held,768,6640,3.566125,3.514002,52.12,muon-s1-006000-ggn-random-complement-out-k16-r768
6000,random-768 held,768,6672,3.558155,3.510016,48.14,muon-s1-006000-ggn-random-complement-out-k16-r768
6000,random-768 held,768,6704,3.555016,3.507704,47.31,muon-s1-006000-ggn-random-complement-out-k16-r768
6000,random-768 held,768,6736,3.555349,3.506553,48.80,muon-s1-006000-ggn-random-complement-out-k16-r768
6000,random-768 held,768,6768,3.547113,3.505087,42.03,muon-s1-006000-ggn-random-complement-out-k16-r768
6000,random-768 held,768,6800,3.547204,3.506546,40.66,muon-s1-006000-ggn-random-complement-out-k16-r768
6000,random-768 held,768,6832,3.546024,3.502173,43.85,muon-s1-006000-ggn-random-complement-out-k16-r768
6000,random-768 held,768,6864,3.539948,3.499249,40.70,muon-s1-006000-ggn-random-complement-out-k16-r768
6000,random-768 held,768,6896,3.536217,3.498166,38.05,muon-s1-006000-ggn-random-complement-out-k16-r768
6000,random-768 held,768,6928,3.531016,3.497848,33.17,muon-s1-006000-ggn-random-complement-out-k16-r768
6000,random-768 held,768,6960,3.528733,3.495267,33.47,muon-s1-006000-ggn-random-complement-out-k16-r768
6000,random-768 held,768,6992,3.526501,3.499398,27.10,muon-s1-006000-ggn-random-complement-out-k16-r768
6000,random-768 held,768,7024,3.522975,3.496534,26.44,muon-s1-006000-ggn-random-complement-out-k16-r768
7000,control (128K),,7000,3.499432,3.499432,0.00,muon-s1-007000-global-k1
7000,control (128K),,7032,3.495109,3.495109,0.00,muon-s1-007000-global-k1
7000,control (128K),,7064,3.496702,3.496702,0.00,muon-s1-007000-global-k1
7000,control (128K),,7096,3.494733,3.494733,0.00,muon-s1-007000-global-k1
7000,control (128K),,7128,3.490181,3.490181,0.00,muon-s1-007000-global-k1
7000,control (128K),,7160,3.491892,3.491892,0.00,muon-s1-007000-global-k1
7000,control (128K),,7192,3.489423,3.489423,0.00,muon-s1-007000-global-k1
7000,control (128K),,7224,3.489518,3.489518,0.00,muon-s1-007000-global-k1
7000,control (128K),,7256,3.488032,3.488032,0.00,muon-s1-007000-global-k1
7000,control (128K),,7288,3.485522,3.485522,0.00,muon-s1-007000-global-k1
7000,control (128K),,7320,3.484227,3.484227,0.00,muon-s1-007000-global-k1
7000,control (128K),,7352,3.482657,3.482657,0.00,muon-s1-007000-global-k1
7000,control (128K),,7384,3.480642,3.480642,0.00,muon-s1-007000-global-k1
7000,control (128K),,7416,3.479827,3.479827,0.00,muon-s1-007000-global-k1
7000,control (128K),,7448,3.481047,3.481047,0.00,muon-s1-007000-global-k1
7000,control (128K),,7480,3.477502,3.477502,0.00,muon-s1-007000-global-k1
7000,control (128K),,7512,3.475200,3.475200,0.00,muon-s1-007000-global-k1
7000,control (128K),,7544,3.478526,3.478526,0.00,muon-s1-007000-global-k1
7000,control (128K),,7576,3.478045,3.478045,0.00,muon-s1-007000-global-k1
7000,control (128K),,7608,3.470284,3.470284,0.00,muon-s1-007000-global-k1
7000,control (128K),,7640,3.473295,3.473295,0.00,muon-s1-007000-global-k1
7000,control (128K),,7672,3.473346,3.473346,0.00,muon-s1-007000-global-k1
7000,control (128K),,7704,3.475025,3.475025,0.00,muon-s1-007000-global-k1
7000,control (128K),,7736,3.471223,3.471223,0.00,muon-s1-007000-global-k1
7000,control (128K),,7768,3.468786,3.468786,0.00,muon-s1-007000-global-k1
7000,control (128K),,7800,3.465946,3.465946,0.00,muon-s1-007000-global-k1
7000,control (128K),,7832,3.465140,3.465140,0.00,muon-s1-007000-global-k1
7000,control (128K),,7864,3.464568,3.464568,0.00,muon-s1-007000-global-k1
7000,control (128K),,7896,3.463031,3.463031,0.00,muon-s1-007000-global-k1
7000,control (128K),,7928,3.462378,3.462378,0.00,muon-s1-007000-global-k1
7000,control (128K),,7960,3.461442,3.461442,0.00,muon-s1-007000-global-k1
7000,control (128K),,7992,3.460182,3.460182,0.00,muon-s1-007000-global-k1
7000,control (128K),,8024,3.459576,3.459576,0.00,muon-s1-007000-global-k1
7000,fully scaled,,7000,3.499432,3.499432,0.00,muon-s1-007000-matrix-out-k16
7000,fully scaled,,7032,3.501622,3.495109,6.51,muon-s1-007000-matrix-out-k16
7000,fully scaled,,7064,3.514841,3.496702,18.14,muon-s1-007000-matrix-out-k16
7000,fully scaled,,7096,3.526113,3.494733,31.38,muon-s1-007000-matrix-out-k16
7000,fully scaled,,7128,3.530796,3.490181,40.61,muon-s1-007000-matrix-out-k16
7000,fully scaled,,7160,3.540299,3.491892,48.41,muon-s1-007000-matrix-out-k16
7000,fully scaled,,7192,3.543707,3.489423,54.28,muon-s1-007000-matrix-out-k16
7000,fully scaled,,7224,3.545202,3.489518,55.68,muon-s1-007000-matrix-out-k16
7000,fully scaled,,7256,3.546284,3.488032,58.25,muon-s1-007000-matrix-out-k16
7000,fully scaled,,7288,3.547712,3.485522,62.19,muon-s1-007000-matrix-out-k16
7000,fully scaled,,7320,3.547148,3.484227,62.92,muon-s1-007000-matrix-out-k16
7000,fully scaled,,7352,3.543458,3.482657,60.80,muon-s1-007000-matrix-out-k16
7000,fully scaled,,7384,3.539411,3.480642,58.77,muon-s1-007000-matrix-out-k16
7000,fully scaled,,7416,3.541566,3.479827,61.74,muon-s1-007000-matrix-out-k16
7000,fully scaled,,7448,3.536870,3.481047,55.82,muon-s1-007000-matrix-out-k16
7000,fully scaled,,7480,3.533482,3.477502,55.98,muon-s1-007000-matrix-out-k16
7000,fully scaled,,7512,3.528875,3.475200,53.67,muon-s1-007000-matrix-out-k16
7000,fully scaled,,7544,3.526115,3.478526,47.59,muon-s1-007000-matrix-out-k16
7000,fully scaled,,7576,3.525878,3.478045,47.83,muon-s1-007000-matrix-out-k16
7000,fully scaled,,7608,3.518237,3.470284,47.95,muon-s1-007000-matrix-out-k16
7000,fully scaled,,7640,3.516287,3.473295,42.99,muon-s1-007000-matrix-out-k16
7000,fully scaled,,7672,3.514770,3.473346,41.42,muon-s1-007000-matrix-out-k16
7000,fully scaled,,7704,3.514377,3.475025,39.35,muon-s1-007000-matrix-out-k16
7000,fully scaled,,7736,3.507556,3.471223,36.33,muon-s1-007000-matrix-out-k16
7000,fully scaled,,7768,3.505986,3.468786,37.20,muon-s1-007000-matrix-out-k16
7000,fully scaled,,7800,3.499802,3.465946,33.86,muon-s1-007000-matrix-out-k16
7000,fully scaled,,7832,3.497175,3.465140,32.04,muon-s1-007000-matrix-out-k16
7000,fully scaled,,7864,3.493642,3.464568,29.07,muon-s1-007000-matrix-out-k16
7000,fully scaled,,7896,3.492115,3.463031,29.08,muon-s1-007000-matrix-out-k16
7000,fully scaled,,7928,3.489974,3.462378,27.60,muon-s1-007000-matrix-out-k16
7000,fully scaled,,7960,3.489457,3.461442,28.02,muon-s1-007000-matrix-out-k16
7000,fully scaled,,7992,3.487058,3.460182,26.88,muon-s1-007000-matrix-out-k16
7000,fully scaled,,8024,3.485567,3.459576,25.99,muon-s1-007000-matrix-out-k16
7000,top-16 held,16,7000,3.499432,3.499432,0.00,muon-s1-007000-preggn-complement-out-k16-r16
7000,top-16 held,16,7032,3.502260,3.495109,7.15,muon-s1-007000-preggn-complement-out-k16-r16
7000,top-16 held,16,7064,3.515288,3.496702,18.59,muon-s1-007000-preggn-complement-out-k16-r16
7000,top-16 held,16,7096,3.527237,3.494733,32.50,muon-s1-007000-preggn-complement-out-k16-r16
7000,top-16 held,16,7128,3.531460,3.490181,41.28,muon-s1-007000-preggn-complement-out-k16-r16
7000,top-16 held,16,7160,3.540337,3.491892,48.44,muon-s1-007000-preggn-complement-out-k16-r16
7000,top-16 held,16,7192,3.543022,3.489423,53.60,muon-s1-007000-preggn-complement-out-k16-r16
7000,top-16 held,16,7224,3.543828,3.489518,54.31,muon-s1-007000-preggn-complement-out-k16-r16
7000,top-16 held,16,7256,3.544312,3.488032,56.28,muon-s1-007000-preggn-complement-out-k16-r16
7000,top-16 held,16,7288,3.546273,3.485522,60.75,muon-s1-007000-preggn-complement-out-k16-r16
7000,top-16 held,16,7320,3.545254,3.484227,61.03,muon-s1-007000-preggn-complement-out-k16-r16
7000,top-16 held,16,7352,3.540181,3.482657,57.52,muon-s1-007000-preggn-complement-out-k16-r16
7000,top-16 held,16,7384,3.535558,3.480642,54.92,muon-s1-007000-preggn-complement-out-k16-r16
7000,top-16 held,16,7416,3.536495,3.479827,56.67,muon-s1-007000-preggn-complement-out-k16-r16
7000,top-16 held,16,7448,3.533622,3.481047,52.57,muon-s1-007000-preggn-complement-out-k16-r16
7000,top-16 held,16,7480,3.528273,3.477502,50.77,muon-s1-007000-preggn-complement-out-k16-r16
7000,top-16 held,16,7512,3.526270,3.475200,51.07,muon-s1-007000-preggn-complement-out-k16-r16
7000,top-16 held,16,7544,3.526890,3.478526,48.36,muon-s1-007000-preggn-complement-out-k16-r16
7000,top-16 held,16,7576,3.525372,3.478045,47.33,muon-s1-007000-preggn-complement-out-k16-r16
7000,top-16 held,16,7608,3.517067,3.470284,46.78,muon-s1-007000-preggn-complement-out-k16-r16
7000,top-16 held,16,7640,3.513871,3.473295,40.58,muon-s1-007000-preggn-complement-out-k16-r16
7000,top-16 held,16,7672,3.510975,3.473346,37.63,muon-s1-007000-preggn-complement-out-k16-r16
7000,top-16 held,16,7704,3.509091,3.475025,34.07,muon-s1-007000-preggn-complement-out-k16-r16
7000,top-16 held,16,7736,3.503577,3.471223,32.35,muon-s1-007000-preggn-complement-out-k16-r16
7000,top-16 held,16,7768,3.506353,3.468786,37.57,muon-s1-007000-preggn-complement-out-k16-r16
7000,top-16 held,16,7800,3.499214,3.465946,33.27,muon-s1-007000-preggn-complement-out-k16-r16
7000,top-16 held,16,7832,3.496924,3.465140,31.78,muon-s1-007000-preggn-complement-out-k16-r16
7000,top-16 held,16,7864,3.493613,3.464568,29.04,muon-s1-007000-preggn-complement-out-k16-r16
7000,top-16 held,16,7896,3.489499,3.463031,26.47,muon-s1-007000-preggn-complement-out-k16-r16
7000,top-16 held,16,7928,3.485201,3.462378,22.82,muon-s1-007000-preggn-complement-out-k16-r16
7000,top-16 held,16,7960,3.483922,3.461442,22.48,muon-s1-007000-preggn-complement-out-k16-r16
7000,top-16 held,16,7992,3.482424,3.460182,22.24,muon-s1-007000-preggn-complement-out-k16-r16
7000,top-16 held,16,8024,3.480916,3.459576,21.34,muon-s1-007000-preggn-complement-out-k16-r16
7000,top-64 held,64,7000,3.499432,3.499432,0.00,muon-s1-007000-ggn-complement-out-k16-r64
7000,top-64 held,64,7032,3.502978,3.495109,7.87,muon-s1-007000-ggn-complement-out-k16-r64
7000,top-64 held,64,7064,3.515305,3.496702,18.60,muon-s1-007000-ggn-complement-out-k16-r64
7000,top-64 held,64,7096,3.526870,3.494733,32.14,muon-s1-007000-ggn-complement-out-k16-r64
7000,top-64 held,64,7128,3.530756,3.490181,40.57,muon-s1-007000-ggn-complement-out-k16-r64
7000,top-64 held,64,7160,3.538975,3.491892,47.08,muon-s1-007000-ggn-complement-out-k16-r64
7000,top-64 held,64,7192,3.541793,3.489423,52.37,muon-s1-007000-ggn-complement-out-k16-r64
7000,top-64 held,64,7224,3.542253,3.489518,52.73,muon-s1-007000-ggn-complement-out-k16-r64
7000,top-64 held,64,7256,3.542549,3.488032,54.52,muon-s1-007000-ggn-complement-out-k16-r64
7000,top-64 held,64,7288,3.542899,3.485522,57.38,muon-s1-007000-ggn-complement-out-k16-r64
7000,top-64 held,64,7320,3.543109,3.484227,58.88,muon-s1-007000-ggn-complement-out-k16-r64
7000,top-64 held,64,7352,3.538942,3.482657,56.28,muon-s1-007000-ggn-complement-out-k16-r64
7000,top-64 held,64,7384,3.534606,3.480642,53.96,muon-s1-007000-ggn-complement-out-k16-r64
7000,top-64 held,64,7416,3.535622,3.479827,55.79,muon-s1-007000-ggn-complement-out-k16-r64
7000,top-64 held,64,7448,3.532392,3.481047,51.34,muon-s1-007000-ggn-complement-out-k16-r64
7000,top-64 held,64,7480,3.527887,3.477502,50.38,muon-s1-007000-ggn-complement-out-k16-r64
7000,top-64 held,64,7512,3.523745,3.475200,48.55,muon-s1-007000-ggn-complement-out-k16-r64
7000,top-64 held,64,7544,3.524243,3.478526,45.72,muon-s1-007000-ggn-complement-out-k16-r64
7000,top-64 held,64,7576,3.524310,3.478045,46.26,muon-s1-007000-ggn-complement-out-k16-r64
7000,top-64 held,64,7608,3.513208,3.470284,42.92,muon-s1-007000-ggn-complement-out-k16-r64
7000,top-64 held,64,7640,3.511672,3.473295,38.38,muon-s1-007000-ggn-complement-out-k16-r64
7000,top-64 held,64,7672,3.507684,3.473346,34.34,muon-s1-007000-ggn-complement-out-k16-r64
7000,top-64 held,64,7704,3.506198,3.475025,31.17,muon-s1-007000-ggn-complement-out-k16-r64
7000,top-64 held,64,7736,3.500289,3.471223,29.07,muon-s1-007000-ggn-complement-out-k16-r64
7000,top-64 held,64,7768,3.500916,3.468786,32.13,muon-s1-007000-ggn-complement-out-k16-r64
7000,top-64 held,64,7800,3.493000,3.465946,27.05,muon-s1-007000-ggn-complement-out-k16-r64
7000,top-64 held,64,7832,3.490665,3.465140,25.53,muon-s1-007000-ggn-complement-out-k16-r64
7000,top-64 held,64,7864,3.489527,3.464568,24.96,muon-s1-007000-ggn-complement-out-k16-r64
7000,top-64 held,64,7896,3.485938,3.463031,22.91,muon-s1-007000-ggn-complement-out-k16-r64
7000,top-64 held,64,7928,3.482404,3.462378,20.03,muon-s1-007000-ggn-complement-out-k16-r64
7000,top-64 held,64,7960,3.479370,3.461442,17.93,muon-s1-007000-ggn-complement-out-k16-r64
7000,top-64 held,64,7992,3.476375,3.460182,16.19,muon-s1-007000-ggn-complement-out-k16-r64
7000,top-64 held,64,8024,3.476225,3.459576,16.65,muon-s1-007000-ggn-complement-out-k16-r64
7000,top-256 held,256,7000,3.499432,3.499432,0.00,muon-s1-007000-ggn-complement-out-k16-r256
7000,top-256 held,256,7032,3.503444,3.495109,8.34,muon-s1-007000-ggn-complement-out-k16-r256
7000,top-256 held,256,7064,3.515742,3.496702,19.04,muon-s1-007000-ggn-complement-out-k16-r256
7000,top-256 held,256,7096,3.527153,3.494733,32.42,muon-s1-007000-ggn-complement-out-k16-r256
7000,top-256 held,256,7128,3.530914,3.490181,40.73,muon-s1-007000-ggn-complement-out-k16-r256
7000,top-256 held,256,7160,3.538398,3.491892,46.51,muon-s1-007000-ggn-complement-out-k16-r256
7000,top-256 held,256,7192,3.540587,3.489423,51.16,muon-s1-007000-ggn-complement-out-k16-r256
7000,top-256 held,256,7224,3.540957,3.489518,51.44,muon-s1-007000-ggn-complement-out-k16-r256
7000,top-256 held,256,7256,3.540790,3.488032,52.76,muon-s1-007000-ggn-complement-out-k16-r256
7000,top-256 held,256,7288,3.540671,3.485522,55.15,muon-s1-007000-ggn-complement-out-k16-r256
7000,top-256 held,256,7320,3.540631,3.484227,56.40,muon-s1-007000-ggn-complement-out-k16-r256
7000,top-256 held,256,7352,3.536475,3.482657,53.82,muon-s1-007000-ggn-complement-out-k16-r256
7000,top-256 held,256,7384,3.532519,3.480642,51.88,muon-s1-007000-ggn-complement-out-k16-r256
7000,top-256 held,256,7416,3.531346,3.479827,51.52,muon-s1-007000-ggn-complement-out-k16-r256
7000,top-256 held,256,7448,3.528851,3.481047,47.80,muon-s1-007000-ggn-complement-out-k16-r256
7000,top-256 held,256,7480,3.523825,3.477502,46.32,muon-s1-007000-ggn-complement-out-k16-r256
7000,top-256 held,256,7512,3.520410,3.475200,45.21,muon-s1-007000-ggn-complement-out-k16-r256
7000,top-256 held,256,7544,3.520702,3.478526,42.18,muon-s1-007000-ggn-complement-out-k16-r256
7000,top-256 held,256,7576,3.519732,3.478045,41.69,muon-s1-007000-ggn-complement-out-k16-r256
7000,top-256 held,256,7608,3.509569,3.470284,39.29,muon-s1-007000-ggn-complement-out-k16-r256
7000,top-256 held,256,7640,3.507700,3.473295,34.40,muon-s1-007000-ggn-complement-out-k16-r256
7000,top-256 held,256,7672,3.504603,3.473346,31.26,muon-s1-007000-ggn-complement-out-k16-r256
7000,top-256 held,256,7704,3.504560,3.475025,29.53,muon-s1-007000-ggn-complement-out-k16-r256
7000,top-256 held,256,7736,3.497866,3.471223,26.64,muon-s1-007000-ggn-complement-out-k16-r256
7000,top-256 held,256,7768,3.497789,3.468786,29.00,muon-s1-007000-ggn-complement-out-k16-r256
7000,top-256 held,256,7800,3.488587,3.465946,22.64,muon-s1-007000-ggn-complement-out-k16-r256
7000,top-256 held,256,7832,3.487581,3.465140,22.44,muon-s1-007000-ggn-complement-out-k16-r256
7000,top-256 held,256,7864,3.484766,3.464568,20.20,muon-s1-007000-ggn-complement-out-k16-r256
7000,top-256 held,256,7896,3.482219,3.463031,19.19,muon-s1-007000-ggn-complement-out-k16-r256
7000,top-256 held,256,7928,3.479825,3.462378,17.45,muon-s1-007000-ggn-complement-out-k16-r256
7000,top-256 held,256,7960,3.476472,3.461442,15.03,muon-s1-007000-ggn-complement-out-k16-r256
7000,top-256 held,256,7992,3.474444,3.460182,14.26,muon-s1-007000-ggn-complement-out-k16-r256
7000,top-256 held,256,8024,3.474095,3.459576,14.52,muon-s1-007000-ggn-complement-out-k16-r256
7000,top-768 held,768,7000,3.499432,3.499432,0.00,muon-s1-007000-ggn-complement-out-k16-r768
7000,top-768 held,768,7032,3.503651,3.495109,8.54,muon-s1-007000-ggn-complement-out-k16-r768
7000,top-768 held,768,7064,3.515995,3.496702,19.29,muon-s1-007000-ggn-complement-out-k16-r768
7000,top-768 held,768,7096,3.527259,3.494733,32.53,muon-s1-007000-ggn-complement-out-k16-r768
7000,top-768 held,768,7128,3.531081,3.490181,40.90,muon-s1-007000-ggn-complement-out-k16-r768
7000,top-768 held,768,7160,3.538401,3.491892,46.51,muon-s1-007000-ggn-complement-out-k16-r768
7000,top-768 held,768,7192,3.540488,3.489423,51.07,muon-s1-007000-ggn-complement-out-k16-r768
7000,top-768 held,768,7224,3.540381,3.489518,50.86,muon-s1-007000-ggn-complement-out-k16-r768
7000,top-768 held,768,7256,3.540245,3.488032,52.21,muon-s1-007000-ggn-complement-out-k16-r768
7000,top-768 held,768,7288,3.539614,3.485522,54.09,muon-s1-007000-ggn-complement-out-k16-r768
7000,top-768 held,768,7320,3.539747,3.484227,55.52,muon-s1-007000-ggn-complement-out-k16-r768
7000,top-768 held,768,7352,3.534885,3.482657,52.23,muon-s1-007000-ggn-complement-out-k16-r768
7000,top-768 held,768,7384,3.531012,3.480642,50.37,muon-s1-007000-ggn-complement-out-k16-r768
7000,top-768 held,768,7416,3.528947,3.479827,49.12,muon-s1-007000-ggn-complement-out-k16-r768
7000,top-768 held,768,7448,3.526485,3.481047,45.44,muon-s1-007000-ggn-complement-out-k16-r768
7000,top-768 held,768,7480,3.521756,3.477502,44.25,muon-s1-007000-ggn-complement-out-k16-r768
7000,top-768 held,768,7512,3.518250,3.475200,43.05,muon-s1-007000-ggn-complement-out-k16-r768
7000,top-768 held,768,7544,3.518322,3.478526,39.80,muon-s1-007000-ggn-complement-out-k16-r768
7000,top-768 held,768,7576,3.517972,3.478045,39.93,muon-s1-007000-ggn-complement-out-k16-r768
7000,top-768 held,768,7608,3.507637,3.470284,37.35,muon-s1-007000-ggn-complement-out-k16-r768
7000,top-768 held,768,7640,3.505520,3.473295,32.22,muon-s1-007000-ggn-complement-out-k16-r768
7000,top-768 held,768,7672,3.503063,3.473346,29.72,muon-s1-007000-ggn-complement-out-k16-r768
7000,top-768 held,768,7704,3.503698,3.475025,28.67,muon-s1-007000-ggn-complement-out-k16-r768
7000,top-768 held,768,7736,3.495894,3.471223,24.67,muon-s1-007000-ggn-complement-out-k16-r768
7000,top-768 held,768,7768,3.496089,3.468786,27.30,muon-s1-007000-ggn-complement-out-k16-r768
7000,top-768 held,768,7800,3.487209,3.465946,21.26,muon-s1-007000-ggn-complement-out-k16-r768
7000,top-768 held,768,7832,3.485295,3.465140,20.16,muon-s1-007000-ggn-complement-out-k16-r768
7000,top-768 held,768,7864,3.483679,3.464568,19.11,muon-s1-007000-ggn-complement-out-k16-r768
7000,top-768 held,768,7896,3.480340,3.463031,17.31,muon-s1-007000-ggn-complement-out-k16-r768
7000,top-768 held,768,7928,3.478225,3.462378,15.85,muon-s1-007000-ggn-complement-out-k16-r768
7000,top-768 held,768,7960,3.475727,3.461442,14.28,muon-s1-007000-ggn-complement-out-k16-r768
7000,top-768 held,768,7992,3.472232,3.460182,12.05,muon-s1-007000-ggn-complement-out-k16-r768
7000,top-768 held,768,8024,3.472574,3.459576,13.00,muon-s1-007000-ggn-complement-out-k16-r768
7000,random-768 held,768,7000,3.499432,3.499432,0.00,muon-s1-007000-ggn-random-complement-out-k16-r768
7000,random-768 held,768,7032,3.501609,3.495109,6.50,muon-s1-007000-ggn-random-complement-out-k16-r768
7000,random-768 held,768,7064,3.514785,3.496702,18.08,muon-s1-007000-ggn-random-complement-out-k16-r768
7000,random-768 held,768,7096,3.526013,3.494733,31.28,muon-s1-007000-ggn-random-complement-out-k16-r768
7000,random-768 held,768,7128,3.530796,3.490181,40.61,muon-s1-007000-ggn-random-complement-out-k16-r768
7000,random-768 held,768,7160,3.540236,3.491892,48.34,muon-s1-007000-ggn-random-complement-out-k16-r768
7000,random-768 held,768,7192,3.543701,3.489423,54.28,muon-s1-007000-ggn-random-complement-out-k16-r768
7000,random-768 held,768,7224,3.545356,3.489518,55.84,muon-s1-007000-ggn-random-complement-out-k16-r768
7000,random-768 held,768,7256,3.546367,3.488032,58.34,muon-s1-007000-ggn-random-complement-out-k16-r768
7000,random-768 held,768,7288,3.547729,3.485522,62.21,muon-s1-007000-ggn-random-complement-out-k16-r768
7000,random-768 held,768,7320,3.547058,3.484227,62.83,muon-s1-007000-ggn-random-complement-out-k16-r768
7000,random-768 held,768,7352,3.543549,3.482657,60.89,muon-s1-007000-ggn-random-complement-out-k16-r768
7000,random-768 held,768,7384,3.539398,3.480642,58.76,muon-s1-007000-ggn-random-complement-out-k16-r768
7000,random-768 held,768,7416,3.541456,3.479827,61.63,muon-s1-007000-ggn-random-complement-out-k16-r768
7000,random-768 held,768,7448,3.536988,3.481047,55.94,muon-s1-007000-ggn-random-complement-out-k16-r768
7000,random-768 held,768,7480,3.533586,3.477502,56.08,muon-s1-007000-ggn-random-complement-out-k16-r768
7000,random-768 held,768,7512,3.528856,3.475200,53.66,muon-s1-007000-ggn-random-complement-out-k16-r768
7000,random-768 held,768,7544,3.526103,3.478526,47.58,muon-s1-007000-ggn-random-complement-out-k16-r768
7000,random-768 held,768,7576,3.525811,3.478045,47.77,muon-s1-007000-ggn-random-complement-out-k16-r768
7000,random-768 held,768,7608,3.518389,3.470284,48.11,muon-s1-007000-ggn-random-complement-out-k16-r768
7000,random-768 held,768,7640,3.516314,3.473295,43.02,muon-s1-007000-ggn-random-complement-out-k16-r768
7000,random-768 held,768,7672,3.514657,3.473346,41.31,muon-s1-007000-ggn-random-complement-out-k16-r768
7000,random-768 held,768,7704,3.514367,3.475025,39.34,muon-s1-007000-ggn-random-complement-out-k16-r768
7000,random-768 held,768,7736,3.507685,3.471223,36.46,muon-s1-007000-ggn-random-complement-out-k16-r768
7000,random-768 held,768,7768,3.506106,3.468786,37.32,muon-s1-007000-ggn-random-complement-out-k16-r768
7000,random-768 held,768,7800,3.500016,3.465946,34.07,muon-s1-007000-ggn-random-complement-out-k16-r768
7000,random-768 held,768,7832,3.497145,3.465140,32.01,muon-s1-007000-ggn-random-complement-out-k16-r768
7000,random-768 held,768,7864,3.493439,3.464568,28.87,muon-s1-007000-ggn-random-complement-out-k16-r768
7000,random-768 held,768,7896,3.491982,3.463031,28.95,muon-s1-007000-ggn-random-complement-out-k16-r768
7000,random-768 held,768,7928,3.490224,3.462378,27.85,muon-s1-007000-ggn-random-complement-out-k16-r768
7000,random-768 held,768,7960,3.489561,3.461442,28.12,muon-s1-007000-ggn-random-complement-out-k16-r768
7000,random-768 held,768,7992,3.487101,3.460182,26.92,muon-s1-007000-ggn-random-complement-out-k16-r768
7000,random-768 held,768,8024,3.485650,3.459576,26.07,muon-s1-007000-ggn-random-complement-out-k16-r768
8000,control (128K),,8000,3.460372,3.460372,0.00,muon-s1-008000-global-k1
8000,control (128K),,8032,3.459714,3.459714,0.00,muon-s1-008000-global-k1
8000,control (128K),,8064,3.457511,3.457511,0.00,muon-s1-008000-global-k1
8000,control (128K),,8096,3.458552,3.458552,0.00,muon-s1-008000-global-k1
8000,control (128K),,8128,3.457377,3.457377,0.00,muon-s1-008000-global-k1
8000,control (128K),,8160,3.457923,3.457923,0.00,muon-s1-008000-global-k1
8000,control (128K),,8192,3.454302,3.454302,0.00,muon-s1-008000-global-k1
8000,control (128K),,8224,3.451199,3.451199,0.00,muon-s1-008000-global-k1
8000,control (128K),,8256,3.449951,3.449951,0.00,muon-s1-008000-global-k1
8000,control (128K),,8288,3.449171,3.449171,0.00,muon-s1-008000-global-k1
8000,control (128K),,8320,3.446937,3.446937,0.00,muon-s1-008000-global-k1
8000,control (128K),,8352,3.446902,3.446902,0.00,muon-s1-008000-global-k1
8000,control (128K),,8384,3.443464,3.443464,0.00,muon-s1-008000-global-k1
8000,control (128K),,8416,3.443085,3.443085,0.00,muon-s1-008000-global-k1
8000,control (128K),,8448,3.442423,3.442423,0.00,muon-s1-008000-global-k1
8000,control (128K),,8480,3.440156,3.440156,0.00,muon-s1-008000-global-k1
8000,control (128K),,8512,3.440363,3.440363,0.00,muon-s1-008000-global-k1
8000,control (128K),,8544,3.441852,3.441852,0.00,muon-s1-008000-global-k1
8000,control (128K),,8576,3.444059,3.444059,0.00,muon-s1-008000-global-k1
8000,control (128K),,8608,3.438825,3.438825,0.00,muon-s1-008000-global-k1
8000,control (128K),,8640,3.440086,3.440086,0.00,muon-s1-008000-global-k1
8000,control (128K),,8672,3.437418,3.437418,0.00,muon-s1-008000-global-k1
8000,control (128K),,8704,3.434751,3.434751,0.00,muon-s1-008000-global-k1
8000,control (128K),,8736,3.437012,3.437012,0.00,muon-s1-008000-global-k1
8000,control (128K),,8768,3.434321,3.434321,0.00,muon-s1-008000-global-k1
8000,control (128K),,8800,3.431484,3.431484,0.00,muon-s1-008000-global-k1
8000,control (128K),,8832,3.429036,3.429036,0.00,muon-s1-008000-global-k1
8000,control (128K),,8864,3.429100,3.429100,0.00,muon-s1-008000-global-k1
8000,control (128K),,8896,3.434252,3.434252,0.00,muon-s1-008000-global-k1
8000,control (128K),,8928,3.432518,3.432518,0.00,muon-s1-008000-global-k1
8000,control (128K),,8960,3.428823,3.428823,0.00,muon-s1-008000-global-k1
8000,control (128K),,8992,3.425291,3.425291,0.00,muon-s1-008000-global-k1
8000,control (128K),,9024,3.423611,3.423611,0.00,muon-s1-008000-global-k1
8000,fully scaled,,8000,3.460372,3.460372,0.00,muon-s1-008000-matrix-out-k16
8000,fully scaled,,8032,3.463384,3.459714,3.67,muon-s1-008000-matrix-out-k16
8000,fully scaled,,8064,3.473387,3.457511,15.88,muon-s1-008000-matrix-out-k16
8000,fully scaled,,8096,3.483450,3.458552,24.90,muon-s1-008000-matrix-out-k16
8000,fully scaled,,8128,3.492374,3.457377,35.00,muon-s1-008000-matrix-out-k16
8000,fully scaled,,8160,3.498982,3.457923,41.06,muon-s1-008000-matrix-out-k16
8000,fully scaled,,8192,3.499897,3.454302,45.59,muon-s1-008000-matrix-out-k16
8000,fully scaled,,8224,3.499825,3.451199,48.63,muon-s1-008000-matrix-out-k16
8000,fully scaled,,8256,3.498474,3.449951,48.52,muon-s1-008000-matrix-out-k16
8000,fully scaled,,8288,3.500373,3.449171,51.20,muon-s1-008000-matrix-out-k16
8000,fully scaled,,8320,3.500635,3.446937,53.70,muon-s1-008000-matrix-out-k16
8000,fully scaled,,8352,3.500657,3.446902,53.76,muon-s1-008000-matrix-out-k16
8000,fully scaled,,8384,3.496687,3.443464,53.22,muon-s1-008000-matrix-out-k16
8000,fully scaled,,8416,3.495622,3.443085,52.54,muon-s1-008000-matrix-out-k16
8000,fully scaled,,8448,3.493510,3.442423,51.09,muon-s1-008000-matrix-out-k16
8000,fully scaled,,8480,3.488875,3.440156,48.72,muon-s1-008000-matrix-out-k16
8000,fully scaled,,8512,3.484976,3.440363,44.61,muon-s1-008000-matrix-out-k16
8000,fully scaled,,8544,3.485598,3.441852,43.75,muon-s1-008000-matrix-out-k16
8000,fully scaled,,8576,3.482883,3.444059,38.82,muon-s1-008000-matrix-out-k16
8000,fully scaled,,8608,3.476727,3.438825,37.90,muon-s1-008000-matrix-out-k16
8000,fully scaled,,8640,3.475266,3.440086,35.18,muon-s1-008000-matrix-out-k16
8000,fully scaled,,8672,3.471828,3.437418,34.41,muon-s1-008000-matrix-out-k16
8000,fully scaled,,8704,3.468784,3.434751,34.03,muon-s1-008000-matrix-out-k16
8000,fully scaled,,8736,3.467480,3.437012,30.47,muon-s1-008000-matrix-out-k16
8000,fully scaled,,8768,3.467632,3.434321,33.31,muon-s1-008000-matrix-out-k16
8000,fully scaled,,8800,3.461711,3.431484,30.23,muon-s1-008000-matrix-out-k16
8000,fully scaled,,8832,3.459133,3.429036,30.10,muon-s1-008000-matrix-out-k16
8000,fully scaled,,8864,3.456972,3.429100,27.87,muon-s1-008000-matrix-out-k16
8000,fully scaled,,8896,3.454342,3.434252,20.09,muon-s1-008000-matrix-out-k16
8000,fully scaled,,8928,3.451419,3.432518,18.90,muon-s1-008000-matrix-out-k16
8000,fully scaled,,8960,3.448749,3.428823,19.93,muon-s1-008000-matrix-out-k16
8000,fully scaled,,8992,3.445666,3.425291,20.38,muon-s1-008000-matrix-out-k16
8000,fully scaled,,9024,3.444877,3.423611,21.27,muon-s1-008000-matrix-out-k16
8000,top-16 held,16,8000,3.460372,3.460372,0.00,muon-s1-008000-ggn-complement-out-k16-r16
8000,top-16 held,16,8032,3.463616,3.459714,3.90,muon-s1-008000-ggn-complement-out-k16-r16
8000,top-16 held,16,8064,3.474102,3.457511,16.59,muon-s1-008000-ggn-complement-out-k16-r16
8000,top-16 held,16,8096,3.483599,3.458552,25.05,muon-s1-008000-ggn-complement-out-k16-r16
8000,top-16 held,16,8128,3.491470,3.457377,34.09,muon-s1-008000-ggn-complement-out-k16-r16
8000,top-16 held,16,8160,3.497424,3.457923,39.50,muon-s1-008000-ggn-complement-out-k16-r16
8000,top-16 held,16,8192,3.497828,3.454302,43.53,muon-s1-008000-ggn-complement-out-k16-r16
8000,top-16 held,16,8224,3.499039,3.451199,47.84,muon-s1-008000-ggn-complement-out-k16-r16
8000,top-16 held,16,8256,3.498391,3.449951,48.44,muon-s1-008000-ggn-complement-out-k16-r16
8000,top-16 held,16,8288,3.498122,3.449171,48.95,muon-s1-008000-ggn-complement-out-k16-r16
8000,top-16 held,16,8320,3.497701,3.446937,50.76,muon-s1-008000-ggn-complement-out-k16-r16
8000,top-16 held,16,8352,3.497200,3.446902,50.30,muon-s1-008000-ggn-complement-out-k16-r16
8000,top-16 held,16,8384,3.494501,3.443464,51.04,muon-s1-008000-ggn-complement-out-k16-r16
8000,top-16 held,16,8416,3.494245,3.443085,51.16,muon-s1-008000-ggn-complement-out-k16-r16
8000,top-16 held,16,8448,3.491187,3.442423,48.76,muon-s1-008000-ggn-complement-out-k16-r16
8000,top-16 held,16,8480,3.486229,3.440156,46.07,muon-s1-008000-ggn-complement-out-k16-r16
8000,top-16 held,16,8512,3.483670,3.440363,43.31,muon-s1-008000-ggn-complement-out-k16-r16
8000,top-16 held,16,8544,3.483150,3.441852,41.30,muon-s1-008000-ggn-complement-out-k16-r16
8000,top-16 held,16,8576,3.482706,3.444059,38.65,muon-s1-008000-ggn-complement-out-k16-r16
8000,top-16 held,16,8608,3.476337,3.438825,37.51,muon-s1-008000-ggn-complement-out-k16-r16
8000,top-16 held,16,8640,3.473933,3.440086,33.85,muon-s1-008000-ggn-complement-out-k16-r16
8000,top-16 held,16,8672,3.469357,3.437418,31.94,muon-s1-008000-ggn-complement-out-k16-r16
8000,top-16 held,16,8704,3.467341,3.434751,32.59,muon-s1-008000-ggn-complement-out-k16-r16
8000,top-16 held,16,8736,3.463551,3.437012,26.54,muon-s1-008000-ggn-complement-out-k16-r16
8000,top-16 held,16,8768,3.461646,3.434321,27.32,muon-s1-008000-ggn-complement-out-k16-r16
8000,top-16 held,16,8800,3.457190,3.431484,25.71,muon-s1-008000-ggn-complement-out-k16-r16
8000,top-16 held,16,8832,3.455122,3.429036,26.09,muon-s1-008000-ggn-complement-out-k16-r16
8000,top-16 held,16,8864,3.452338,3.429100,23.24,muon-s1-008000-ggn-complement-out-k16-r16
8000,top-16 held,16,8896,3.449252,3.434252,15.00,muon-s1-008000-ggn-complement-out-k16-r16
8000,top-16 held,16,8928,3.448550,3.432518,16.03,muon-s1-008000-ggn-complement-out-k16-r16
8000,top-16 held,16,8960,3.444007,3.428823,15.18,muon-s1-008000-ggn-complement-out-k16-r16
8000,top-16 held,16,8992,3.442793,3.425291,17.50,muon-s1-008000-ggn-complement-out-k16-r16
8000,top-16 held,16,9024,3.441240,3.423611,17.63,muon-s1-008000-ggn-complement-out-k16-r16
8000,top-64 held,64,8000,3.460372,3.460372,0.00,muon-s1-008000-ggn-complement-out-k16-r64
8000,top-64 held,64,8032,3.463561,3.459714,3.85,muon-s1-008000-ggn-complement-out-k16-r64
8000,top-64 held,64,8064,3.473534,3.457511,16.02,muon-s1-008000-ggn-complement-out-k16-r64
8000,top-64 held,64,8096,3.483250,3.458552,24.70,muon-s1-008000-ggn-complement-out-k16-r64
8000,top-64 held,64,8128,3.491698,3.457377,34.32,muon-s1-008000-ggn-complement-out-k16-r64
8000,top-64 held,64,8160,3.496642,3.457923,38.72,muon-s1-008000-ggn-complement-out-k16-r64
8000,top-64 held,64,8192,3.496656,3.454302,42.35,muon-s1-008000-ggn-complement-out-k16-r64
8000,top-64 held,64,8224,3.497883,3.451199,46.68,muon-s1-008000-ggn-complement-out-k16-r64
8000,top-64 held,64,8256,3.498026,3.449951,48.08,muon-s1-008000-ggn-complement-out-k16-r64
8000,top-64 held,64,8288,3.497575,3.449171,48.40,muon-s1-008000-ggn-complement-out-k16-r64
8000,top-64 held,64,8320,3.495760,3.446937,48.82,muon-s1-008000-ggn-complement-out-k16-r64
8000,top-64 held,64,8352,3.494551,3.446902,47.65,muon-s1-008000-ggn-complement-out-k16-r64
8000,top-64 held,64,8384,3.491739,3.443464,48.27,muon-s1-008000-ggn-complement-out-k16-r64
8000,top-64 held,64,8416,3.489651,3.443085,46.57,muon-s1-008000-ggn-complement-out-k16-r64
8000,top-64 held,64,8448,3.487168,3.442423,44.74,muon-s1-008000-ggn-complement-out-k16-r64
8000,top-64 held,64,8480,3.482823,3.440156,42.67,muon-s1-008000-ggn-complement-out-k16-r64
8000,top-64 held,64,8512,3.480626,3.440363,40.26,muon-s1-008000-ggn-complement-out-k16-r64
8000,top-64 held,64,8544,3.480138,3.441852,38.29,muon-s1-008000-ggn-complement-out-k16-r64
8000,top-64 held,64,8576,3.480592,3.444059,36.53,muon-s1-008000-ggn-complement-out-k16-r64
8000,top-64 held,64,8608,3.474188,3.438825,35.36,muon-s1-008000-ggn-complement-out-k16-r64
8000,top-64 held,64,8640,3.471459,3.440086,31.37,muon-s1-008000-ggn-complement-out-k16-r64
8000,top-64 held,64,8672,3.467553,3.437418,30.14,muon-s1-008000-ggn-complement-out-k16-r64
8000,top-64 held,64,8704,3.464446,3.434751,29.69,muon-s1-008000-ggn-complement-out-k16-r64
8000,top-64 held,64,8736,3.461841,3.437012,24.83,muon-s1-008000-ggn-complement-out-k16-r64
8000,top-64 held,64,8768,3.460719,3.434321,26.40,muon-s1-008000-ggn-complement-out-k16-r64
8000,top-64 held,64,8800,3.456599,3.431484,25.11,muon-s1-008000-ggn-complement-out-k16-r64
8000,top-64 held,64,8832,3.453539,3.429036,24.50,muon-s1-008000-ggn-complement-out-k16-r64
8000,top-64 held,64,8864,3.449774,3.429100,20.67,muon-s1-008000-ggn-complement-out-k16-r64
8000,top-64 held,64,8896,3.445816,3.434252,11.56,muon-s1-008000-ggn-complement-out-k16-r64
8000,top-64 held,64,8928,3.447242,3.432518,14.72,muon-s1-008000-ggn-complement-out-k16-r64
8000,top-64 held,64,8960,3.443152,3.428823,14.33,muon-s1-008000-ggn-complement-out-k16-r64
8000,top-64 held,64,8992,3.440379,3.425291,15.09,muon-s1-008000-ggn-complement-out-k16-r64
8000,top-64 held,64,9024,3.438142,3.423611,14.53,muon-s1-008000-ggn-complement-out-k16-r64
8000,top-128 held,128,8000,3.460372,3.460372,0.00,muon-s1-008000-ggn-complement-out-k16-r128
8000,top-128 held,128,8032,3.463718,3.459714,4.00,muon-s1-008000-ggn-complement-out-k16-r128
8000,top-128 held,128,8064,3.473703,3.457511,16.19,muon-s1-008000-ggn-complement-out-k16-r128
8000,top-128 held,128,8096,3.483453,3.458552,24.90,muon-s1-008000-ggn-complement-out-k16-r128
8000,top-128 held,128,8128,3.491711,3.457377,34.33,muon-s1-008000-ggn-complement-out-k16-r128
8000,top-128 held,128,8160,3.496557,3.457923,38.63,muon-s1-008000-ggn-complement-out-k16-r128
8000,top-128 held,128,8192,3.496391,3.454302,42.09,muon-s1-008000-ggn-complement-out-k16-r128
8000,top-128 held,128,8224,3.497896,3.451199,46.70,muon-s1-008000-ggn-complement-out-k16-r128
8000,top-128 held,128,8256,3.497847,3.449951,47.90,muon-s1-008000-ggn-complement-out-k16-r128
8000,top-128 held,128,8288,3.497737,3.449171,48.57,muon-s1-008000-ggn-complement-out-k16-r128
8000,top-128 held,128,8320,3.495505,3.446937,48.57,muon-s1-008000-ggn-complement-out-k16-r128
8000,top-128 held,128,8352,3.494061,3.446902,47.16,muon-s1-008000-ggn-complement-out-k16-r128
8000,top-128 held,128,8384,3.491257,3.443464,47.79,muon-s1-008000-ggn-complement-out-k16-r128
8000,top-128 held,128,8416,3.489101,3.443085,46.02,muon-s1-008000-ggn-complement-out-k16-r128
8000,top-128 held,128,8448,3.487285,3.442423,44.86,muon-s1-008000-ggn-complement-out-k16-r128
8000,top-128 held,128,8480,3.482828,3.440156,42.67,muon-s1-008000-ggn-complement-out-k16-r128
8000,top-128 held,128,8512,3.479998,3.440363,39.63,muon-s1-008000-ggn-complement-out-k16-r128
8000,top-128 held,128,8544,3.479556,3.441852,37.70,muon-s1-008000-ggn-complement-out-k16-r128
8000,top-128 held,128,8576,3.479817,3.444059,35.76,muon-s1-008000-ggn-complement-out-k16-r128
8000,top-128 held,128,8608,3.472557,3.438825,33.73,muon-s1-008000-ggn-complement-out-k16-r128
8000,top-128 held,128,8640,3.470198,3.440086,30.11,muon-s1-008000-ggn-complement-out-k16-r128
8000,top-128 held,128,8672,3.466276,3.437418,28.86,muon-s1-008000-ggn-complement-out-k16-r128
8000,top-128 held,128,8704,3.462845,3.434751,28.09,muon-s1-008000-ggn-complement-out-k16-r128
8000,top-128 held,128,8736,3.459873,3.437012,22.86,muon-s1-008000-ggn-complement-out-k16-r128
8000,top-128 held,128,8768,3.457726,3.434321,23.40,muon-s1-008000-ggn-complement-out-k16-r128
8000,top-128 held,128,8800,3.454257,3.431484,22.77,muon-s1-008000-ggn-complement-out-k16-r128
8000,top-128 held,128,8832,3.451492,3.429036,22.46,muon-s1-008000-ggn-complement-out-k16-r128
8000,top-128 held,128,8864,3.447848,3.429100,18.75,muon-s1-008000-ggn-complement-out-k16-r128
8000,top-128 held,128,8896,3.444244,3.434252,9.99,muon-s1-008000-ggn-complement-out-k16-r128
8000,top-128 held,128,8928,3.445374,3.432518,12.86,muon-s1-008000-ggn-complement-out-k16-r128
8000,top-128 held,128,8960,3.441095,3.428823,12.27,muon-s1-008000-ggn-complement-out-k16-r128
8000,top-128 held,128,8992,3.439453,3.425291,14.16,muon-s1-008000-ggn-complement-out-k16-r128
8000,top-128 held,128,9024,3.436244,3.423611,12.63,muon-s1-008000-ggn-complement-out-k16-r128
8000,top-256 held,256,8000,3.460372,3.460372,0.00,muon-s1-008000-ggn-complement-out-k16-r256
8000,top-256 held,256,8032,3.463898,3.459714,4.18,muon-s1-008000-ggn-complement-out-k16-r256
8000,top-256 held,256,8064,3.473772,3.457511,16.26,muon-s1-008000-ggn-complement-out-k16-r256
8000,top-256 held,256,8096,3.483509,3.458552,24.96,muon-s1-008000-ggn-complement-out-k16-r256
8000,top-256 held,256,8128,3.491493,3.457377,34.12,muon-s1-008000-ggn-complement-out-k16-r256
8000,top-256 held,256,8160,3.496511,3.457923,38.59,muon-s1-008000-ggn-complement-out-k16-r256
8000,top-256 held,256,8192,3.496189,3.454302,41.89,muon-s1-008000-ggn-complement-out-k16-r256
8000,top-256 held,256,8224,3.497554,3.451199,46.36,muon-s1-008000-ggn-complement-out-k16-r256
8000,top-256 held,256,8256,3.497294,3.449951,47.34,muon-s1-008000-ggn-complement-out-k16-r256
8000,top-256 held,256,8288,3.497300,3.449171,48.13,muon-s1-008000-ggn-complement-out-k16-r256
8000,top-256 held,256,8320,3.494819,3.446937,47.88,muon-s1-008000-ggn-complement-out-k16-r256
8000,top-256 held,256,8352,3.493196,3.446902,46.29,muon-s1-008000-ggn-complement-out-k16-r256
8000,top-256 held,256,8384,3.489959,3.443464,46.49,muon-s1-008000-ggn-complement-out-k16-r256
8000,top-256 held,256,8416,3.487799,3.443085,44.71,muon-s1-008000-ggn-complement-out-k16-r256
8000,top-256 held,256,8448,3.485936,3.442423,43.51,muon-s1-008000-ggn-complement-out-k16-r256
8000,top-256 held,256,8480,3.481874,3.440156,41.72,muon-s1-008000-ggn-complement-out-k16-r256
8000,top-256 held,256,8512,3.478471,3.440363,38.11,muon-s1-008000-ggn-complement-out-k16-r256
8000,top-256 held,256,8544,3.478023,3.441852,36.17,muon-s1-008000-ggn-complement-out-k16-r256
8000,top-256 held,256,8576,3.478392,3.444059,34.33,muon-s1-008000-ggn-complement-out-k16-r256
8000,top-256 held,256,8608,3.471252,3.438825,32.43,muon-s1-008000-ggn-complement-out-k16-r256
8000,top-256 held,256,8640,3.469222,3.440086,29.14,muon-s1-008000-ggn-complement-out-k16-r256
8000,top-256 held,256,8672,3.465235,3.437418,27.82,muon-s1-008000-ggn-complement-out-k16-r256
8000,top-256 held,256,8704,3.461272,3.434751,26.52,muon-s1-008000-ggn-complement-out-k16-r256
8000,top-256 held,256,8736,3.459414,3.437012,22.40,muon-s1-008000-ggn-complement-out-k16-r256
8000,top-256 held,256,8768,3.457437,3.434321,23.12,muon-s1-008000-ggn-complement-out-k16-r256
8000,top-256 held,256,8800,3.453753,3.431484,22.27,muon-s1-008000-ggn-complement-out-k16-r256
8000,top-256 held,256,8832,3.450974,3.429036,21.94,muon-s1-008000-ggn-complement-out-k16-r256
8000,top-256 held,256,8864,3.447931,3.429100,18.83,muon-s1-008000-ggn-complement-out-k16-r256
8000,top-256 held,256,8896,3.444108,3.434252,9.86,muon-s1-008000-ggn-complement-out-k16-r256
8000,top-256 held,256,8928,3.444905,3.432518,12.39,muon-s1-008000-ggn-complement-out-k16-r256
8000,top-256 held,256,8960,3.440462,3.428823,11.64,muon-s1-008000-ggn-complement-out-k16-r256
8000,top-256 held,256,8992,3.438617,3.425291,13.33,muon-s1-008000-ggn-complement-out-k16-r256
8000,top-256 held,256,9024,3.436125,3.423611,12.51,muon-s1-008000-ggn-complement-out-k16-r256
8000,top-768 held,768,8000,3.460376,3.460372,0.00,muon-s1-008000-ggn-complement-out-k16-r768
8000,top-768 held,768,8032,3.464000,3.459714,4.29,muon-s1-008000-ggn-complement-out-k16-r768
8000,top-768 held,768,8064,3.474004,3.457511,16.49,muon-s1-008000-ggn-complement-out-k16-r768
8000,top-768 held,768,8096,3.483627,3.458552,25.07,muon-s1-008000-ggn-complement-out-k16-r768
8000,top-768 held,768,8128,3.491566,3.457377,34.19,muon-s1-008000-ggn-complement-out-k16-r768
8000,top-768 held,768,8160,3.496357,3.457923,38.43,muon-s1-008000-ggn-complement-out-k16-r768
8000,top-768 held,768,8192,3.495986,3.454302,41.68,muon-s1-008000-ggn-complement-out-k16-r768
8000,top-768 held,768,8224,3.497227,3.451199,46.03,muon-s1-008000-ggn-complement-out-k16-r768
8000,top-768 held,768,8256,3.496598,3.449951,46.65,muon-s1-008000-ggn-complement-out-k16-r768
8000,top-768 held,768,8288,3.496646,3.449171,47.48,muon-s1-008000-ggn-complement-out-k16-r768
8000,top-768 held,768,8320,3.493944,3.446937,47.01,muon-s1-008000-ggn-complement-out-k16-r768
8000,top-768 held,768,8352,3.491946,3.446902,45.04,muon-s1-008000-ggn-complement-out-k16-r768
8000,top-768 held,768,8384,3.488756,3.443464,45.29,muon-s1-008000-ggn-complement-out-k16-r768
8000,top-768 held,768,8416,3.486429,3.443085,43.34,muon-s1-008000-ggn-complement-out-k16-r768
8000,top-768 held,768,8448,3.484102,3.442423,41.68,muon-s1-008000-ggn-complement-out-k16-r768
8000,top-768 held,768,8480,3.480407,3.440156,40.25,muon-s1-008000-ggn-complement-out-k16-r768
8000,top-768 held,768,8512,3.477112,3.440363,36.75,muon-s1-008000-ggn-complement-out-k16-r768
8000,top-768 held,768,8544,3.476608,3.441852,34.76,muon-s1-008000-ggn-complement-out-k16-r768
8000,top-768 held,768,8576,3.477316,3.444059,33.26,muon-s1-008000-ggn-complement-out-k16-r768
8000,top-768 held,768,8608,3.470429,3.438825,31.60,muon-s1-008000-ggn-complement-out-k16-r768
8000,top-768 held,768,8640,3.468411,3.440086,28.33,muon-s1-008000-ggn-complement-out-k16-r768
8000,top-768 held,768,8672,3.463983,3.437418,26.56,muon-s1-008000-ggn-complement-out-k16-r768
8000,top-768 held,768,8704,3.460199,3.434751,25.45,muon-s1-008000-ggn-complement-out-k16-r768
8000,top-768 held,768,8736,3.458177,3.437012,21.16,muon-s1-008000-ggn-complement-out-k16-r768
8000,top-768 held,768,8768,3.455043,3.434321,20.72,muon-s1-008000-ggn-complement-out-k16-r768
8000,top-768 held,768,8800,3.451598,3.431484,20.11,muon-s1-008000-ggn-complement-out-k16-r768
8000,top-768 held,768,8832,3.448745,3.429036,19.71,muon-s1-008000-ggn-complement-out-k16-r768
8000,top-768 held,768,8864,3.445479,3.429100,16.38,muon-s1-008000-ggn-complement-out-k16-r768
8000,top-768 held,768,8896,3.442090,3.434252,7.84,muon-s1-008000-ggn-complement-out-k16-r768
8000,top-768 held,768,8928,3.442516,3.432518,10.00,muon-s1-008000-ggn-complement-out-k16-r768
8000,top-768 held,768,8960,3.438886,3.428823,10.06,muon-s1-008000-ggn-complement-out-k16-r768
8000,top-768 held,768,8992,3.436443,3.425291,11.15,muon-s1-008000-ggn-complement-out-k16-r768
8000,top-768 held,768,9024,3.433164,3.423611,9.55,muon-s1-008000-ggn-complement-out-k16-r768
8000,random-768 held,768,8000,3.460372,3.460372,0.00,muon-s1-008000-ggn-random-complement-out-k16-r768
8000,random-768 held,768,8032,3.463421,3.459714,3.71,muon-s1-008000-ggn-random-complement-out-k16-r768
8000,random-768 held,768,8064,3.473304,3.457511,15.79,muon-s1-008000-ggn-random-complement-out-k16-r768
8000,random-768 held,768,8096,3.483570,3.458552,25.02,muon-s1-008000-ggn-random-complement-out-k16-r768
8000,random-768 held,768,8128,3.492350,3.457377,34.97,muon-s1-008000-ggn-random-complement-out-k16-r768
8000,random-768 held,768,8160,3.498897,3.457923,40.97,muon-s1-008000-ggn-random-complement-out-k16-r768
8000,random-768 held,768,8192,3.499737,3.454302,45.43,muon-s1-008000-ggn-random-complement-out-k16-r768
8000,random-768 held,768,8224,3.499786,3.451199,48.59,muon-s1-008000-ggn-random-complement-out-k16-r768
8000,random-768 held,768,8256,3.498455,3.449951,48.50,muon-s1-008000-ggn-random-complement-out-k16-r768
8000,random-768 held,768,8288,3.500437,3.449171,51.27,muon-s1-008000-ggn-random-complement-out-k16-r768
8000,random-768 held,768,8320,3.500763,3.446937,53.83,muon-s1-008000-ggn-random-complement-out-k16-r768
8000,random-768 held,768,8352,3.500612,3.446902,53.71,muon-s1-008000-ggn-random-complement-out-k16-r768
8000,random-768 held,768,8384,3.496746,3.443464,53.28,muon-s1-008000-ggn-random-complement-out-k16-r768
8000,random-768 held,768,8416,3.495635,3.443085,52.55,muon-s1-008000-ggn-random-complement-out-k16-r768
8000,random-768 held,768,8448,3.493401,3.442423,50.98,muon-s1-008000-ggn-random-complement-out-k16-r768
8000,random-768 held,768,8480,3.488959,3.440156,48.80,muon-s1-008000-ggn-random-complement-out-k16-r768
8000,random-768 held,768,8512,3.485028,3.440363,44.66,muon-s1-008000-ggn-random-complement-out-k16-r768
8000,random-768 held,768,8544,3.485452,3.441852,43.60,muon-s1-008000-ggn-random-complement-out-k16-r768
8000,random-768 held,768,8576,3.482761,3.444059,38.70,muon-s1-008000-ggn-random-complement-out-k16-r768
8000,random-768 held,768,8608,3.476645,3.438825,37.82,muon-s1-008000-ggn-random-complement-out-k16-r768
8000,random-768 held,768,8640,3.475159,3.440086,35.07,muon-s1-008000-ggn-random-complement-out-k16-r768
8000,random-768 held,768,8672,3.471797,3.437418,34.38,muon-s1-008000-ggn-random-complement-out-k16-r768
8000,random-768 held,768,8704,3.468450,3.434751,33.70,muon-s1-008000-ggn-random-complement-out-k16-r768
8000,random-768 held,768,8736,3.467129,3.437012,30.12,muon-s1-008000-ggn-random-complement-out-k16-r768
8000,random-768 held,768,8768,3.467403,3.434321,33.08,muon-s1-008000-ggn-random-complement-out-k16-r768
8000,random-768 held,768,8800,3.461617,3.431484,30.13,muon-s1-008000-ggn-random-complement-out-k16-r768
8000,random-768 held,768,8832,3.459095,3.429036,30.06,muon-s1-008000-ggn-random-complement-out-k16-r768
8000,random-768 held,768,8864,3.457095,3.429100,28.00,muon-s1-008000-ggn-random-complement-out-k16-r768
8000,random-768 held,768,8896,3.454311,3.434252,20.06,muon-s1-008000-ggn-random-complement-out-k16-r768
8000,random-768 held,768,8928,3.451361,3.432518,18.84,muon-s1-008000-ggn-random-complement-out-k16-r768
8000,random-768 held,768,8960,3.448989,3.428823,20.17,muon-s1-008000-ggn-random-complement-out-k16-r768
8000,random-768 held,768,8992,3.445822,3.425291,20.53,muon-s1-008000-ggn-random-complement-out-k16-r768
8000,random-768 held,768,9024,3.444925,3.423611,21.31,muon-s1-008000-ggn-random-complement-out-k16-r768
9000,control (128K),,9000,3.424829,3.424829,0.00,muon-s1-009000-global-k1
9000,control (128K),,9032,3.421954,3.421954,0.00,muon-s1-009000-global-k1
9000,control (128K),,9064,3.422451,3.422451,0.00,muon-s1-009000-global-k1
9000,control (128K),,9096,3.424964,3.424964,0.00,muon-s1-009000-global-k1
9000,control (128K),,9128,3.425152,3.425152,0.00,muon-s1-009000-global-k1
9000,control (128K),,9160,3.420199,3.420199,0.00,muon-s1-009000-global-k1
9000,control (128K),,9192,3.417653,3.417653,0.00,muon-s1-009000-global-k1
9000,control (128K),,9224,3.417083,3.417083,0.00,muon-s1-009000-global-k1
9000,control (128K),,9256,3.417160,3.417160,0.00,muon-s1-009000-global-k1
9000,control (128K),,9288,3.415128,3.415128,0.00,muon-s1-009000-global-k1
9000,control (128K),,9320,3.417155,3.417155,0.00,muon-s1-009000-global-k1
9000,control (128K),,9352,3.412534,3.412534,0.00,muon-s1-009000-global-k1
9000,control (128K),,9384,3.410333,3.410333,0.00,muon-s1-009000-global-k1
9000,control (128K),,9416,3.410741,3.410741,0.00,muon-s1-009000-global-k1
9000,control (128K),,9448,3.409894,3.409894,0.00,muon-s1-009000-global-k1
9000,control (128K),,9480,3.406163,3.406163,0.00,muon-s1-009000-global-k1
9000,control (128K),,9512,3.406016,3.406016,0.00,muon-s1-009000-global-k1
9000,control (128K),,9544,3.401853,3.401853,0.00,muon-s1-009000-global-k1
9000,control (128K),,9576,3.400246,3.400246,0.00,muon-s1-009000-global-k1
9000,control (128K),,9608,3.400043,3.400043,0.00,muon-s1-009000-global-k1
9000,control (128K),,9640,3.399094,3.399094,0.00,muon-s1-009000-global-k1
9000,control (128K),,9672,3.398314,3.398314,0.00,muon-s1-009000-global-k1
9000,control (128K),,9704,3.397394,3.397394,0.00,muon-s1-009000-global-k1
9000,control (128K),,9736,3.396555,3.396555,0.00,muon-s1-009000-global-k1
9000,control (128K),,9768,3.393924,3.393924,0.00,muon-s1-009000-global-k1
9000,control (128K),,9800,3.393090,3.393090,0.00,muon-s1-009000-global-k1
9000,control (128K),,9832,3.392161,3.392161,0.00,muon-s1-009000-global-k1
9000,control (128K),,9864,3.392303,3.392303,0.00,muon-s1-009000-global-k1
9000,control (128K),,9896,3.388239,3.388239,0.00,muon-s1-009000-global-k1
9000,control (128K),,9928,3.387171,3.387171,0.00,muon-s1-009000-global-k1
9000,control (128K),,9960,3.384444,3.384444,0.00,muon-s1-009000-global-k1
9000,control (128K),,9992,3.386398,3.386398,0.00,muon-s1-009000-global-k1
9000,control (128K),,10024,3.383361,3.383361,0.00,muon-s1-009000-global-k1
9000,fully scaled,,9000,3.424829,3.424829,0.00,muon-s1-009000-matrix-out-k16
9000,fully scaled,,9032,3.427639,3.421954,5.68,muon-s1-009000-matrix-out-k16
9000,fully scaled,,9064,3.435178,3.422451,12.73,muon-s1-009000-matrix-out-k16
9000,fully scaled,,9096,3.446574,3.424964,21.61,muon-s1-009000-matrix-out-k16
9000,fully scaled,,9128,3.449987,3.425152,24.84,muon-s1-009000-matrix-out-k16
9000,fully scaled,,9160,3.452989,3.420199,32.79,muon-s1-009000-matrix-out-k16
9000,fully scaled,,9192,3.455253,3.417653,37.60,muon-s1-009000-matrix-out-k16
9000,fully scaled,,9224,3.457571,3.417083,40.49,muon-s1-009000-matrix-out-k16
9000,fully scaled,,9256,3.459022,3.417160,41.86,muon-s1-009000-matrix-out-k16
9000,fully scaled,,9288,3.456367,3.415128,41.24,muon-s1-009000-matrix-out-k16
9000,fully scaled,,9320,3.456736,3.417155,39.58,muon-s1-009000-matrix-out-k16
9000,fully scaled,,9352,3.454087,3.412534,41.55,muon-s1-009000-matrix-out-k16
9000,fully scaled,,9384,3.451795,3.410333,41.46,muon-s1-009000-matrix-out-k16
9000,fully scaled,,9416,3.449209,3.410741,38.47,muon-s1-009000-matrix-out-k16
9000,fully scaled,,9448,3.447826,3.409894,37.93,muon-s1-009000-matrix-out-k16
9000,fully scaled,,9480,3.444551,3.406163,38.39,muon-s1-009000-matrix-out-k16
9000,fully scaled,,9512,3.442136,3.406016,36.12,muon-s1-009000-matrix-out-k16
9000,fully scaled,,9544,3.437177,3.401853,35.32,muon-s1-009000-matrix-out-k16
9000,fully scaled,,9576,3.433934,3.400246,33.69,muon-s1-009000-matrix-out-k16
9000,fully scaled,,9608,3.433079,3.400043,33.04,muon-s1-009000-matrix-out-k16
9000,fully scaled,,9640,3.429785,3.399094,30.69,muon-s1-009000-matrix-out-k16
9000,fully scaled,,9672,3.427427,3.398314,29.11,muon-s1-009000-matrix-out-k16
9000,fully scaled,,9704,3.424821,3.397394,27.43,muon-s1-009000-matrix-out-k16
9000,fully scaled,,9736,3.423191,3.396555,26.64,muon-s1-009000-matrix-out-k16
9000,fully scaled,,9768,3.418495,3.393924,24.57,muon-s1-009000-matrix-out-k16
9000,fully scaled,,9800,3.417101,3.393090,24.01,muon-s1-009000-matrix-out-k16
9000,fully scaled,,9832,3.413672,3.392161,21.51,muon-s1-009000-matrix-out-k16
9000,fully scaled,,9864,3.412487,3.392303,20.18,muon-s1-009000-matrix-out-k16
9000,fully scaled,,9896,3.408485,3.388239,20.25,muon-s1-009000-matrix-out-k16
9000,fully scaled,,9928,3.406202,3.387171,19.03,muon-s1-009000-matrix-out-k16
9000,fully scaled,,9960,3.403673,3.384444,19.23,muon-s1-009000-matrix-out-k16
9000,fully scaled,,9992,3.404869,3.386398,18.47,muon-s1-009000-matrix-out-k16
9000,fully scaled,,10024,3.401561,3.383361,18.20,muon-s1-009000-matrix-out-k16
9000,top-16 held,16,9000,3.424829,3.424829,0.00,muon-s1-009000-preggn-complement-out-k16-r16
9000,top-16 held,16,9032,3.427599,3.421954,5.64,muon-s1-009000-preggn-complement-out-k16-r16
9000,top-16 held,16,9064,3.434604,3.422451,12.15,muon-s1-009000-preggn-complement-out-k16-r16
9000,top-16 held,16,9096,3.446599,3.424964,21.64,muon-s1-009000-preggn-complement-out-k16-r16
9000,top-16 held,16,9128,3.451134,3.425152,25.98,muon-s1-009000-preggn-complement-out-k16-r16
9000,top-16 held,16,9160,3.452405,3.420199,32.21,muon-s1-009000-preggn-complement-out-k16-r16
9000,top-16 held,16,9192,3.455012,3.417653,37.36,muon-s1-009000-preggn-complement-out-k16-r16
9000,top-16 held,16,9224,3.457410,3.417083,40.33,muon-s1-009000-preggn-complement-out-k16-r16
9000,top-16 held,16,9256,3.457737,3.417160,40.58,muon-s1-009000-preggn-complement-out-k16-r16
9000,top-16 held,16,9288,3.454460,3.415128,39.33,muon-s1-009000-preggn-complement-out-k16-r16
9000,top-16 held,16,9320,3.455473,3.417155,38.32,muon-s1-009000-preggn-complement-out-k16-r16
9000,top-16 held,16,9352,3.453331,3.412534,40.80,muon-s1-009000-preggn-complement-out-k16-r16
9000,top-16 held,16,9384,3.450030,3.410333,39.70,muon-s1-009000-preggn-complement-out-k16-r16
9000,top-16 held,16,9416,3.447910,3.410741,37.17,muon-s1-009000-preggn-complement-out-k16-r16
9000,top-16 held,16,9448,3.446366,3.409894,36.47,muon-s1-009000-preggn-complement-out-k16-r16
9000,top-16 held,16,9480,3.442360,3.406163,36.20,muon-s1-009000-preggn-complement-out-k16-r16
9000,top-16 held,16,9512,3.440984,3.406016,34.97,muon-s1-009000-preggn-complement-out-k16-r16
9000,top-16 held,16,9544,3.436411,3.401853,34.56,muon-s1-009000-preggn-complement-out-k16-r16
9000,top-16 held,16,9576,3.433259,3.400246,33.01,muon-s1-009000-preggn-complement-out-k16-r16
9000,top-16 held,16,9608,3.432263,3.400043,32.22,muon-s1-009000-preggn-complement-out-k16-r16
9000,top-16 held,16,9640,3.429244,3.399094,30.15,muon-s1-009000-preggn-complement-out-k16-r16
9000,top-16 held,16,9672,3.427039,3.398314,28.73,muon-s1-009000-preggn-complement-out-k16-r16
9000,top-16 held,16,9704,3.423161,3.397394,25.77,muon-s1-009000-preggn-complement-out-k16-r16
9000,top-16 held,16,9736,3.421416,3.396555,24.86,muon-s1-009000-preggn-complement-out-k16-r16
9000,top-16 held,16,9768,3.417256,3.393924,23.33,muon-s1-009000-preggn-complement-out-k16-r16
9000,top-16 held,16,9800,3.416756,3.393090,23.67,muon-s1-009000-preggn-complement-out-k16-r16
9000,top-16 held,16,9832,3.412709,3.392161,20.55,muon-s1-009000-preggn-complement-out-k16-r16
9000,top-16 held,16,9864,3.411319,3.392303,19.02,muon-s1-009000-preggn-complement-out-k16-r16
9000,top-16 held,16,9896,3.406420,3.388239,18.18,muon-s1-009000-preggn-complement-out-k16-r16
9000,top-16 held,16,9928,3.404293,3.387171,17.12,muon-s1-009000-preggn-complement-out-k16-r16
9000,top-16 held,16,9960,3.401559,3.384444,17.12,muon-s1-009000-preggn-complement-out-k16-r16
9000,top-16 held,16,9992,3.400625,3.386398,14.23,muon-s1-009000-preggn-complement-out-k16-r16
9000,top-16 held,16,10024,3.398356,3.383361,15.00,muon-s1-009000-preggn-complement-out-k16-r16
9000,top-64 held,64,9000,3.424829,3.424829,0.00,muon-s1-009000-ggn-complement-out-k16-r64
9000,top-64 held,64,9032,3.427641,3.421954,5.69,muon-s1-009000-ggn-complement-out-k16-r64
9000,top-64 held,64,9064,3.434745,3.422451,12.29,muon-s1-009000-ggn-complement-out-k16-r64
9000,top-64 held,64,9096,3.446403,3.424964,21.44,muon-s1-009000-ggn-complement-out-k16-r64
9000,top-64 held,64,9128,3.451248,3.425152,26.10,muon-s1-009000-ggn-complement-out-k16-r64
9000,top-64 held,64,9160,3.452278,3.420199,32.08,muon-s1-009000-ggn-complement-out-k16-r64
9000,top-64 held,64,9192,3.454658,3.417653,37.01,muon-s1-009000-ggn-complement-out-k16-r64
9000,top-64 held,64,9224,3.456615,3.417083,39.53,muon-s1-009000-ggn-complement-out-k16-r64
9000,top-64 held,64,9256,3.457431,3.417160,40.27,muon-s1-009000-ggn-complement-out-k16-r64
9000,top-64 held,64,9288,3.453238,3.415128,38.11,muon-s1-009000-ggn-complement-out-k16-r64
9000,top-64 held,64,9320,3.454806,3.417155,37.65,muon-s1-009000-ggn-complement-out-k16-r64
9000,top-64 held,64,9352,3.452014,3.412534,39.48,muon-s1-009000-ggn-complement-out-k16-r64
9000,top-64 held,64,9384,3.448732,3.410333,38.40,muon-s1-009000-ggn-complement-out-k16-r64
9000,top-64 held,64,9416,3.445858,3.410741,35.12,muon-s1-009000-ggn-complement-out-k16-r64
9000,top-64 held,64,9448,3.444916,3.409894,35.02,muon-s1-009000-ggn-complement-out-k16-r64
9000,top-64 held,64,9480,3.441064,3.406163,34.90,muon-s1-009000-ggn-complement-out-k16-r64
9000,top-64 held,64,9512,3.439446,3.406016,33.43,muon-s1-009000-ggn-complement-out-k16-r64
9000,top-64 held,64,9544,3.434218,3.401853,32.36,muon-s1-009000-ggn-complement-out-k16-r64
9000,top-64 held,64,9576,3.430711,3.400246,30.47,muon-s1-009000-ggn-complement-out-k16-r64
9000,top-64 held,64,9608,3.429030,3.400043,28.99,muon-s1-009000-ggn-complement-out-k16-r64
9000,top-64 held,64,9640,3.425631,3.399094,26.54,muon-s1-009000-ggn-complement-out-k16-r64
9000,top-64 held,64,9672,3.423896,3.398314,25.58,muon-s1-009000-ggn-complement-out-k16-r64
9000,top-64 held,64,9704,3.421585,3.397394,24.19,muon-s1-009000-ggn-complement-out-k16-r64
9000,top-64 held,64,9736,3.418608,3.396555,22.05,muon-s1-009000-ggn-complement-out-k16-r64
9000,top-64 held,64,9768,3.414491,3.393924,20.57,muon-s1-009000-ggn-complement-out-k16-r64
9000,top-64 held,64,9800,3.413484,3.393090,20.39,muon-s1-009000-ggn-complement-out-k16-r64
9000,top-64 held,64,9832,3.409089,3.392161,16.93,muon-s1-009000-ggn-complement-out-k16-r64
9000,top-64 held,64,9864,3.409014,3.392303,16.71,muon-s1-009000-ggn-complement-out-k16-r64
9000,top-64 held,64,9896,3.405529,3.388239,17.29,muon-s1-009000-ggn-complement-out-k16-r64
9000,top-64 held,64,9928,3.403624,3.387171,16.45,muon-s1-009000-ggn-complement-out-k16-r64
9000,top-64 held,64,9960,3.400681,3.384444,16.24,muon-s1-009000-ggn-complement-out-k16-r64
9000,top-64 held,64,9992,3.399280,3.386398,12.88,muon-s1-009000-ggn-complement-out-k16-r64
9000,top-64 held,64,10024,3.397398,3.383361,14.04,muon-s1-009000-ggn-complement-out-k16-r64
9000,top-256 held,256,9000,3.424829,3.424829,0.00,muon-s1-009000-ggn-complement-out-k16-r256
9000,top-256 held,256,9032,3.427959,3.421954,6.00,muon-s1-009000-ggn-complement-out-k16-r256
9000,top-256 held,256,9064,3.435144,3.422451,12.69,muon-s1-009000-ggn-complement-out-k16-r256
9000,top-256 held,256,9096,3.446341,3.424964,21.38,muon-s1-009000-ggn-complement-out-k16-r256
9000,top-256 held,256,9128,3.451181,3.425152,26.03,muon-s1-009000-ggn-complement-out-k16-r256
9000,top-256 held,256,9160,3.452094,3.420199,31.89,muon-s1-009000-ggn-complement-out-k16-r256
9000,top-256 held,256,9192,3.454597,3.417653,36.94,muon-s1-009000-ggn-complement-out-k16-r256
9000,top-256 held,256,9224,3.456444,3.417083,39.36,muon-s1-009000-ggn-complement-out-k16-r256
9000,top-256 held,256,9256,3.457218,3.417160,40.06,muon-s1-009000-ggn-complement-out-k16-r256
9000,top-256 held,256,9288,3.452702,3.415128,37.57,muon-s1-009000-ggn-complement-out-k16-r256
9000,top-256 held,256,9320,3.454265,3.417155,37.11,muon-s1-009000-ggn-complement-out-k16-r256
9000,top-256 held,256,9352,3.451024,3.412534,38.49,muon-s1-009000-ggn-complement-out-k16-r256
9000,top-256 held,256,9384,3.447144,3.410333,36.81,muon-s1-009000-ggn-complement-out-k16-r256
9000,top-256 held,256,9416,3.444330,3.410741,33.59,muon-s1-009000-ggn-complement-out-k16-r256
9000,top-256 held,256,9448,3.442563,3.409894,32.67,muon-s1-009000-ggn-complement-out-k16-r256
9000,top-256 held,256,9480,3.438893,3.406163,32.73,muon-s1-009000-ggn-complement-out-k16-r256
9000,top-256 held,256,9512,3.437362,3.406016,31.35,muon-s1-009000-ggn-complement-out-k16-r256
9000,top-256 held,256,9544,3.432221,3.401853,30.37,muon-s1-009000-ggn-complement-out-k16-r256
9000,top-256 held,256,9576,3.428952,3.400246,28.71,muon-s1-009000-ggn-complement-out-k16-r256
9000,top-256 held,256,9608,3.427451,3.400043,27.41,muon-s1-009000-ggn-complement-out-k16-r256
9000,top-256 held,256,9640,3.424076,3.399094,24.98,muon-s1-009000-ggn-complement-out-k16-r256
9000,top-256 held,256,9672,3.422416,3.398314,24.10,muon-s1-009000-ggn-complement-out-k16-r256
9000,top-256 held,256,9704,3.420219,3.397394,22.83,muon-s1-009000-ggn-complement-out-k16-r256
9000,top-256 held,256,9736,3.417213,3.396555,20.66,muon-s1-009000-ggn-complement-out-k16-r256
9000,top-256 held,256,9768,3.413197,3.393924,19.27,muon-s1-009000-ggn-complement-out-k16-r256
9000,top-256 held,256,9800,3.411581,3.393090,18.49,muon-s1-009000-ggn-complement-out-k16-r256
9000,top-256 held,256,9832,3.407084,3.392161,14.92,muon-s1-009000-ggn-complement-out-k16-r256
9000,top-256 held,256,9864,3.405981,3.392303,13.68,muon-s1-009000-ggn-complement-out-k16-r256
9000,top-256 held,256,9896,3.402456,3.388239,14.22,muon-s1-009000-ggn-complement-out-k16-r256
9000,top-256 held,256,9928,3.400785,3.387171,13.61,muon-s1-009000-ggn-complement-out-k16-r256
9000,top-256 held,256,9960,3.397700,3.384444,13.26,muon-s1-009000-ggn-complement-out-k16-r256
9000,top-256 held,256,9992,3.396851,3.386398,10.45,muon-s1-009000-ggn-complement-out-k16-r256
9000,top-256 held,256,10024,3.394908,3.383361,11.55,muon-s1-009000-ggn-complement-out-k16-r256
9000,top-768 held,768,9000,3.424829,3.424829,0.00,muon-s1-009000-ggn-complement-out-k16-r768
9000,top-768 held,768,9032,3.428017,3.421954,6.06,muon-s1-009000-ggn-complement-out-k16-r768
9000,top-768 held,768,9064,3.435191,3.422451,12.74,muon-s1-009000-ggn-complement-out-k16-r768
9000,top-768 held,768,9096,3.446527,3.424964,21.56,muon-s1-009000-ggn-complement-out-k16-r768
9000,top-768 held,768,9128,3.451417,3.425152,26.27,muon-s1-009000-ggn-complement-out-k16-r768
9000,top-768 held,768,9160,3.452069,3.420199,31.87,muon-s1-009000-ggn-complement-out-k16-r768
9000,top-768 held,768,9192,3.454652,3.417653,37.00,muon-s1-009000-ggn-complement-out-k16-r768
9000,top-768 held,768,9224,3.456415,3.417083,39.33,muon-s1-009000-ggn-complement-out-k16-r768
9000,top-768 held,768,9256,3.456943,3.417160,39.78,muon-s1-009000-ggn-complement-out-k16-r768
9000,top-768 held,768,9288,3.452239,3.415128,37.11,muon-s1-009000-ggn-complement-out-k16-r768
9000,top-768 held,768,9320,3.454020,3.417155,36.86,muon-s1-009000-ggn-complement-out-k16-r768
9000,top-768 held,768,9352,3.450815,3.412534,38.28,muon-s1-009000-ggn-complement-out-k16-r768
9000,top-768 held,768,9384,3.446896,3.410333,36.56,muon-s1-009000-ggn-complement-out-k16-r768
9000,top-768 held,768,9416,3.444269,3.410741,33.53,muon-s1-009000-ggn-complement-out-k16-r768
9000,top-768 held,768,9448,3.442340,3.409894,32.45,muon-s1-009000-ggn-complement-out-k16-r768
9000,top-768 held,768,9480,3.438437,3.406163,32.27,muon-s1-009000-ggn-complement-out-k16-r768
9000,top-768 held,768,9512,3.436627,3.406016,30.61,muon-s1-009000-ggn-complement-out-k16-r768
9000,top-768 held,768,9544,3.431529,3.401853,29.68,muon-s1-009000-ggn-complement-out-k16-r768
9000,top-768 held,768,9576,3.428316,3.400246,28.07,muon-s1-009000-ggn-complement-out-k16-r768
9000,top-768 held,768,9608,3.426903,3.400043,26.86,muon-s1-009000-ggn-complement-out-k16-r768
9000,top-768 held,768,9640,3.423210,3.399094,24.12,muon-s1-009000-ggn-complement-out-k16-r768
9000,top-768 held,768,9672,3.421788,3.398314,23.47,muon-s1-009000-ggn-complement-out-k16-r768
9000,top-768 held,768,9704,3.419538,3.397394,22.14,muon-s1-009000-ggn-complement-out-k16-r768
9000,top-768 held,768,9736,3.416388,3.396555,19.83,muon-s1-009000-ggn-complement-out-k16-r768
9000,top-768 held,768,9768,3.412293,3.393924,18.37,muon-s1-009000-ggn-complement-out-k16-r768
9000,top-768 held,768,9800,3.411084,3.393090,17.99,muon-s1-009000-ggn-complement-out-k16-r768
9000,top-768 held,768,9832,3.406794,3.392161,14.63,muon-s1-009000-ggn-complement-out-k16-r768
9000,top-768 held,768,9864,3.405622,3.392303,13.32,muon-s1-009000-ggn-complement-out-k16-r768
9000,top-768 held,768,9896,3.401966,3.388239,13.73,muon-s1-009000-ggn-complement-out-k16-r768
9000,top-768 held,768,9928,3.400434,3.387171,13.26,muon-s1-009000-ggn-complement-out-k16-r768
9000,top-768 held,768,9960,3.397428,3.384444,12.98,muon-s1-009000-ggn-complement-out-k16-r768
9000,top-768 held,768,9992,3.396573,3.386398,10.17,muon-s1-009000-ggn-complement-out-k16-r768
9000,top-768 held,768,10024,3.394748,3.383361,11.39,muon-s1-009000-ggn-complement-out-k16-r768
9000,random-768 held,768,9000,3.424829,3.424829,0.00,muon-s1-009000-ggn-random-complement-out-k16-r768
9000,random-768 held,768,9032,3.427670,3.421954,5.72,muon-s1-009000-ggn-random-complement-out-k16-r768
9000,random-768 held,768,9064,3.435145,3.422451,12.69,muon-s1-009000-ggn-random-complement-out-k16-r768
9000,random-768 held,768,9096,3.446563,3.424964,21.60,muon-s1-009000-ggn-random-complement-out-k16-r768
9000,random-768 held,768,9128,3.449948,3.425152,24.80,muon-s1-009000-ggn-random-complement-out-k16-r768
9000,random-768 held,768,9160,3.452971,3.420199,32.77,muon-s1-009000-ggn-random-complement-out-k16-r768
9000,random-768 held,768,9192,3.455254,3.417653,37.60,muon-s1-009000-ggn-random-complement-out-k16-r768
9000,random-768 held,768,9224,3.457568,3.417083,40.49,muon-s1-009000-ggn-random-complement-out-k16-r768
9000,random-768 held,768,9256,3.459016,3.417160,41.86,muon-s1-009000-ggn-random-complement-out-k16-r768
9000,random-768 held,768,9288,3.456409,3.415128,41.28,muon-s1-009000-ggn-random-complement-out-k16-r768
9000,random-768 held,768,9320,3.456657,3.417155,39.50,muon-s1-009000-ggn-random-complement-out-k16-r768
9000,random-768 held,768,9352,3.454101,3.412534,41.57,muon-s1-009000-ggn-random-complement-out-k16-r768
9000,random-768 held,768,9384,3.451768,3.410333,41.44,muon-s1-009000-ggn-random-complement-out-k16-r768
9000,random-768 held,768,9416,3.449224,3.410741,38.48,muon-s1-009000-ggn-random-complement-out-k16-r768
9000,random-768 held,768,9448,3.447928,3.409894,38.03,muon-s1-009000-ggn-random-complement-out-k16-r768
9000,random-768 held,768,9480,3.444591,3.406163,38.43,muon-s1-009000-ggn-random-complement-out-k16-r768
9000,random-768 held,768,9512,3.442186,3.406016,36.17,muon-s1-009000-ggn-random-complement-out-k16-r768
9000,random-768 held,768,9544,3.437216,3.401853,35.36,muon-s1-009000-ggn-random-complement-out-k16-r768
9000,random-768 held,768,9576,3.433926,3.400246,33.68,muon-s1-009000-ggn-random-complement-out-k16-r768
9000,random-768 held,768,9608,3.433009,3.400043,32.97,muon-s1-009000-ggn-random-complement-out-k16-r768
9000,random-768 held,768,9640,3.429590,3.399094,30.50,muon-s1-009000-ggn-random-complement-out-k16-r768
9000,random-768 held,768,9672,3.427228,3.398314,28.91,muon-s1-009000-ggn-random-complement-out-k16-r768
9000,random-768 held,768,9704,3.424472,3.397394,27.08,muon-s1-009000-ggn-random-complement-out-k16-r768
9000,random-768 held,768,9736,3.423008,3.396555,26.45,muon-s1-009000-ggn-random-complement-out-k16-r768
9000,random-768 held,768,9768,3.418637,3.393924,24.71,muon-s1-009000-ggn-random-complement-out-k16-r768
9000,random-768 held,768,9800,3.417376,3.393090,24.29,muon-s1-009000-ggn-random-complement-out-k16-r768
9000,random-768 held,768,9832,3.413998,3.392161,21.84,muon-s1-009000-ggn-random-complement-out-k16-r768
9000,random-768 held,768,9864,3.412617,3.392303,20.31,muon-s1-009000-ggn-random-complement-out-k16-r768
9000,random-768 held,768,9896,3.408626,3.388239,20.39,muon-s1-009000-ggn-random-complement-out-k16-r768
9000,random-768 held,768,9928,3.406234,3.387171,19.06,muon-s1-009000-ggn-random-complement-out-k16-r768
9000,random-768 held,768,9960,3.403794,3.384444,19.35,muon-s1-009000-ggn-random-complement-out-k16-r768
9000,random-768 held,768,9992,3.405042,3.386398,18.64,muon-s1-009000-ggn-random-complement-out-k16-r768
9000,random-768 held,768,10024,3.401595,3.383361,18.23,muon-s1-009000-ggn-random-complement-out-k16-r768
10000,control (128K),,10000,3.385233,3.385233,0.00,muon-s1-010000-global-k1
10000,control (128K),,10032,3.383434,3.383434,0.00,muon-s1-010000-global-k1
10000,control (128K),,10064,3.383856,3.383856,0.00,muon-s1-010000-global-k1
10000,control (128K),,10096,3.379819,3.379819,0.00,muon-s1-010000-global-k1
10000,control (128K),,10128,3.378994,3.378994,0.00,muon-s1-010000-global-k1
10000,control (128K),,10160,3.377536,3.377536,0.00,muon-s1-010000-global-k1
10000,control (128K),,10192,3.376004,3.376004,0.00,muon-s1-010000-global-k1
10000,control (128K),,10224,3.376424,3.376424,0.00,muon-s1-010000-global-k1
10000,control (128K),,10256,3.375115,3.375115,0.00,muon-s1-010000-global-k1
10000,control (128K),,10288,3.373420,3.373420,0.00,muon-s1-010000-global-k1
10000,control (128K),,10320,3.371100,3.371100,0.00,muon-s1-010000-global-k1
10000,control (128K),,10352,3.370022,3.370022,0.00,muon-s1-010000-global-k1
10000,control (128K),,10384,3.367317,3.367317,0.00,muon-s1-010000-global-k1
10000,control (128K),,10416,3.366348,3.366348,0.00,muon-s1-010000-global-k1
10000,control (128K),,10448,3.366059,3.366059,0.00,muon-s1-010000-global-k1
10000,control (128K),,10480,3.364927,3.364927,0.00,muon-s1-010000-global-k1
10000,control (128K),,10512,3.364607,3.364607,0.00,muon-s1-010000-global-k1
10000,control (128K),,10544,3.364406,3.364406,0.00,muon-s1-010000-global-k1
10000,control (128K),,10576,3.361826,3.361826,0.00,muon-s1-010000-global-k1
10000,control (128K),,10608,3.360403,3.360403,0.00,muon-s1-010000-global-k1
10000,control (128K),,10640,3.359194,3.359194,0.00,muon-s1-010000-global-k1
10000,control (128K),,10672,3.358886,3.358886,0.00,muon-s1-010000-global-k1
10000,control (128K),,10704,3.355870,3.355870,0.00,muon-s1-010000-global-k1
10000,control (128K),,10736,3.355956,3.355956,0.00,muon-s1-010000-global-k1
10000,control (128K),,10768,3.354034,3.354034,0.00,muon-s1-010000-global-k1
10000,control (128K),,10800,3.352033,3.352033,0.00,muon-s1-010000-global-k1
10000,control (128K),,10832,3.350801,3.350801,0.00,muon-s1-010000-global-k1
10000,control (128K),,10864,3.349564,3.349564,0.00,muon-s1-010000-global-k1
10000,control (128K),,10896,3.348089,3.348089,0.00,muon-s1-010000-global-k1
10000,control (128K),,10928,3.346379,3.346379,0.00,muon-s1-010000-global-k1
10000,control (128K),,10960,3.344517,3.344517,0.00,muon-s1-010000-global-k1
10000,control (128K),,10992,3.343802,3.343802,0.00,muon-s1-010000-global-k1
10000,control (128K),,11024,3.343182,3.343182,0.00,muon-s1-010000-global-k1
10000,fully scaled,,10000,3.385233,3.385233,0.00,muon-s1-010000-matrix-out-k16
10000,fully scaled,,10032,3.385589,3.383434,2.16,muon-s1-010000-matrix-out-k16
10000,fully scaled,,10064,3.392893,3.383856,9.04,muon-s1-010000-matrix-out-k16
10000,fully scaled,,10096,3.397037,3.379819,17.22,muon-s1-010000-matrix-out-k16
10000,fully scaled,,10128,3.401960,3.378994,22.97,muon-s1-010000-matrix-out-k16
10000,fully scaled,,10160,3.405416,3.377536,27.88,muon-s1-010000-matrix-out-k16
10000,fully scaled,,10192,3.406983,3.376004,30.98,muon-s1-010000-matrix-out-k16
10000,fully scaled,,10224,3.408715,3.376424,32.29,muon-s1-010000-matrix-out-k16
10000,fully scaled,,10256,3.408602,3.375115,33.49,muon-s1-010000-matrix-out-k16
10000,fully scaled,,10288,3.407982,3.373420,34.56,muon-s1-010000-matrix-out-k16
10000,fully scaled,,10320,3.406399,3.371100,35.30,muon-s1-010000-matrix-out-k16
10000,fully scaled,,10352,3.404729,3.370022,34.71,muon-s1-010000-matrix-out-k16
10000,fully scaled,,10384,3.402023,3.367317,34.71,muon-s1-010000-matrix-out-k16
10000,fully scaled,,10416,3.399149,3.366348,32.80,muon-s1-010000-matrix-out-k16
10000,fully scaled,,10448,3.397137,3.366059,31.08,muon-s1-010000-matrix-out-k16
10000,fully scaled,,10480,3.394780,3.364927,29.85,muon-s1-010000-matrix-out-k16
10000,fully scaled,,10512,3.394762,3.364607,30.15,muon-s1-010000-matrix-out-k16
10000,fully scaled,,10544,3.392160,3.364406,27.75,muon-s1-010000-matrix-out-k16
10000,fully scaled,,10576,3.388364,3.361826,26.54,muon-s1-010000-matrix-out-k16
10000,fully scaled,,10608,3.384921,3.360403,24.52,muon-s1-010000-matrix-out-k16
10000,fully scaled,,10640,3.382746,3.359194,23.55,muon-s1-010000-matrix-out-k16
10000,fully scaled,,10672,3.381021,3.358886,22.14,muon-s1-010000-matrix-out-k16
10000,fully scaled,,10704,3.378106,3.355870,22.24,muon-s1-010000-matrix-out-k16
10000,fully scaled,,10736,3.377025,3.355956,21.07,muon-s1-010000-matrix-out-k16
10000,fully scaled,,10768,3.374059,3.354034,20.03,muon-s1-010000-matrix-out-k16
10000,fully scaled,,10800,3.372034,3.352033,20.00,muon-s1-010000-matrix-out-k16
10000,fully scaled,,10832,3.368865,3.350801,18.06,muon-s1-010000-matrix-out-k16
10000,fully scaled,,10864,3.367014,3.349564,17.45,muon-s1-010000-matrix-out-k16
10000,fully scaled,,10896,3.364010,3.348089,15.92,muon-s1-010000-matrix-out-k16
10000,fully scaled,,10928,3.363101,3.346379,16.72,muon-s1-010000-matrix-out-k16
10000,fully scaled,,10960,3.360477,3.344517,15.96,muon-s1-010000-matrix-out-k16
10000,fully scaled,,10992,3.357899,3.343802,14.10,muon-s1-010000-matrix-out-k16
10000,fully scaled,,11024,3.356257,3.343182,13.07,muon-s1-010000-matrix-out-k16
10000,top-16 held,16,10000,3.385233,3.385233,0.00,muon-s1-010000-ggn-complement-out-k16-r16
10000,top-16 held,16,10032,3.385851,3.383434,2.42,muon-s1-010000-ggn-complement-out-k16-r16
10000,top-16 held,16,10064,3.392370,3.383856,8.51,muon-s1-010000-ggn-complement-out-k16-r16
10000,top-16 held,16,10096,3.397230,3.379819,17.41,muon-s1-010000-ggn-complement-out-k16-r16
10000,top-16 held,16,10128,3.401961,3.378994,22.97,muon-s1-010000-ggn-complement-out-k16-r16
10000,top-16 held,16,10160,3.405211,3.377536,27.68,muon-s1-010000-ggn-complement-out-k16-r16
10000,top-16 held,16,10192,3.406522,3.376004,30.52,muon-s1-010000-ggn-complement-out-k16-r16
10000,top-16 held,16,10224,3.408176,3.376424,31.75,muon-s1-010000-ggn-complement-out-k16-r16
10000,top-16 held,16,10256,3.408358,3.375115,33.24,muon-s1-010000-ggn-complement-out-k16-r16
10000,top-16 held,16,10288,3.407504,3.373420,34.08,muon-s1-010000-ggn-complement-out-k16-r16
10000,top-16 held,16,10320,3.405332,3.371100,34.23,muon-s1-010000-ggn-complement-out-k16-r16
10000,top-16 held,16,10352,3.403845,3.370022,33.82,muon-s1-010000-ggn-complement-out-k16-r16
10000,top-16 held,16,10384,3.401366,3.367317,34.05,muon-s1-010000-ggn-complement-out-k16-r16
10000,top-16 held,16,10416,3.398923,3.366348,32.58,muon-s1-010000-ggn-complement-out-k16-r16
10000,top-16 held,16,10448,3.396818,3.366059,30.76,muon-s1-010000-ggn-complement-out-k16-r16
10000,top-16 held,16,10480,3.394383,3.364927,29.46,muon-s1-010000-ggn-complement-out-k16-r16
10000,top-16 held,16,10512,3.393179,3.364607,28.57,muon-s1-010000-ggn-complement-out-k16-r16
10000,top-16 held,16,10544,3.391419,3.364406,27.01,muon-s1-010000-ggn-complement-out-k16-r16
10000,top-16 held,16,10576,3.387224,3.361826,25.40,muon-s1-010000-ggn-complement-out-k16-r16
10000,top-16 held,16,10608,3.384378,3.360403,23.97,muon-s1-010000-ggn-complement-out-k16-r16
10000,top-16 held,16,10640,3.382030,3.359194,22.84,muon-s1-010000-ggn-complement-out-k16-r16
10000,top-16 held,16,10672,3.379821,3.358886,20.93,muon-s1-010000-ggn-complement-out-k16-r16
10000,top-16 held,16,10704,3.377591,3.355870,21.72,muon-s1-010000-ggn-complement-out-k16-r16
10000,top-16 held,16,10736,3.376565,3.355956,20.61,muon-s1-010000-ggn-complement-out-k16-r16
10000,top-16 held,16,10768,3.373605,3.354034,19.57,muon-s1-010000-ggn-complement-out-k16-r16
10000,top-16 held,16,10800,3.370875,3.352033,18.84,muon-s1-010000-ggn-complement-out-k16-r16
10000,top-16 held,16,10832,3.368645,3.350801,17.84,muon-s1-010000-ggn-complement-out-k16-r16
10000,top-16 held,16,10864,3.366369,3.349564,16.81,muon-s1-010000-ggn-complement-out-k16-r16
10000,top-16 held,16,10896,3.363365,3.348089,15.28,muon-s1-010000-ggn-complement-out-k16-r16
10000,top-16 held,16,10928,3.361897,3.346379,15.52,muon-s1-010000-ggn-complement-out-k16-r16
10000,top-16 held,16,10960,3.359984,3.344517,15.47,muon-s1-010000-ggn-complement-out-k16-r16
10000,top-16 held,16,10992,3.357460,3.343802,13.66,muon-s1-010000-ggn-complement-out-k16-r16
10000,top-16 held,16,11024,3.355484,3.343182,12.30,muon-s1-010000-ggn-complement-out-k16-r16
10000,top-64 held,64,10000,3.385233,3.385233,0.00,muon-s1-010000-ggn-complement-out-k16-r64
10000,top-64 held,64,10032,3.385844,3.383434,2.41,muon-s1-010000-ggn-complement-out-k16-r64
10000,top-64 held,64,10064,3.392347,3.383856,8.49,muon-s1-010000-ggn-complement-out-k16-r64
10000,top-64 held,64,10096,3.397250,3.379819,17.43,muon-s1-010000-ggn-complement-out-k16-r64
10000,top-64 held,64,10128,3.401831,3.378994,22.84,muon-s1-010000-ggn-complement-out-k16-r64
10000,top-64 held,64,10160,3.405032,3.377536,27.50,muon-s1-010000-ggn-complement-out-k16-r64
10000,top-64 held,64,10192,3.406205,3.376004,30.20,muon-s1-010000-ggn-complement-out-k16-r64
10000,top-64 held,64,10224,3.408009,3.376424,31.59,muon-s1-010000-ggn-complement-out-k16-r64
10000,top-64 held,64,10256,3.408167,3.375115,33.05,muon-s1-010000-ggn-complement-out-k16-r64
10000,top-64 held,64,10288,3.407042,3.373420,33.62,muon-s1-010000-ggn-complement-out-k16-r64
10000,top-64 held,64,10320,3.405115,3.371100,34.02,muon-s1-010000-ggn-complement-out-k16-r64
10000,top-64 held,64,10352,3.403378,3.370022,33.36,muon-s1-010000-ggn-complement-out-k16-r64
10000,top-64 held,64,10384,3.400738,3.367317,33.42,muon-s1-010000-ggn-complement-out-k16-r64
10000,top-64 held,64,10416,3.398521,3.366348,32.17,muon-s1-010000-ggn-complement-out-k16-r64
10000,top-64 held,64,10448,3.396387,3.366059,30.33,muon-s1-010000-ggn-complement-out-k16-r64
10000,top-64 held,64,10480,3.394228,3.364927,29.30,muon-s1-010000-ggn-complement-out-k16-r64
10000,top-64 held,64,10512,3.393023,3.364607,28.42,muon-s1-010000-ggn-complement-out-k16-r64
10000,top-64 held,64,10544,3.390903,3.364406,26.50,muon-s1-010000-ggn-complement-out-k16-r64
10000,top-64 held,64,10576,3.387100,3.361826,25.27,muon-s1-010000-ggn-complement-out-k16-r64
10000,top-64 held,64,10608,3.383349,3.360403,22.95,muon-s1-010000-ggn-complement-out-k16-r64
10000,top-64 held,64,10640,3.380968,3.359194,21.77,muon-s1-010000-ggn-complement-out-k16-r64
10000,top-64 held,64,10672,3.379133,3.358886,20.25,muon-s1-010000-ggn-complement-out-k16-r64
10000,top-64 held,64,10704,3.376760,3.355870,20.89,muon-s1-010000-ggn-complement-out-k16-r64
10000,top-64 held,64,10736,3.375935,3.355956,19.98,muon-s1-010000-ggn-complement-out-k16-r64
10000,top-64 held,64,10768,3.372721,3.354034,18.69,muon-s1-010000-ggn-complement-out-k16-r64
10000,top-64 held,64,10800,3.370086,3.352033,18.05,muon-s1-010000-ggn-complement-out-k16-r64
10000,top-64 held,64,10832,3.368048,3.350801,17.25,muon-s1-010000-ggn-complement-out-k16-r64
10000,top-64 held,64,10864,3.365665,3.349564,16.10,muon-s1-010000-ggn-complement-out-k16-r64
10000,top-64 held,64,10896,3.362837,3.348089,14.75,muon-s1-010000-ggn-complement-out-k16-r64
10000,top-64 held,64,10928,3.361348,3.346379,14.97,muon-s1-010000-ggn-complement-out-k16-r64
10000,top-64 held,64,10960,3.359321,3.344517,14.80,muon-s1-010000-ggn-complement-out-k16-r64
10000,top-64 held,64,10992,3.356790,3.343802,12.99,muon-s1-010000-ggn-complement-out-k16-r64
10000,top-64 held,64,11024,3.355019,3.343182,11.84,muon-s1-010000-ggn-complement-out-k16-r64
10000,top-128 held,128,10000,3.385233,3.385233,0.00,muon-s1-010000-ggn-complement-out-k16-r128
10000,top-128 held,128,10032,3.385928,3.383434,2.49,muon-s1-010000-ggn-complement-out-k16-r128
10000,top-128 held,128,10064,3.392425,3.383856,8.57,muon-s1-010000-ggn-complement-out-k16-r128
10000,top-128 held,128,10096,3.397319,3.379819,17.50,muon-s1-010000-ggn-complement-out-k16-r128
10000,top-128 held,128,10128,3.401841,3.378994,22.85,muon-s1-010000-ggn-complement-out-k16-r128
10000,top-128 held,128,10160,3.405068,3.377536,27.53,muon-s1-010000-ggn-complement-out-k16-r128
10000,top-128 held,128,10192,3.406221,3.376004,30.22,muon-s1-010000-ggn-complement-out-k16-r128
10000,top-128 held,128,10224,3.407829,3.376424,31.41,muon-s1-010000-ggn-complement-out-k16-r128
10000,top-128 held,128,10256,3.408042,3.375115,32.93,muon-s1-010000-ggn-complement-out-k16-r128
10000,top-128 held,128,10288,3.406980,3.373420,33.56,muon-s1-010000-ggn-complement-out-k16-r128
10000,top-128 held,128,10320,3.404936,3.371100,33.84,muon-s1-010000-ggn-complement-out-k16-r128
10000,top-128 held,128,10352,3.403245,3.370022,33.22,muon-s1-010000-ggn-complement-out-k16-r128
10000,top-128 held,128,10384,3.400759,3.367317,33.44,muon-s1-010000-ggn-complement-out-k16-r128
10000,top-128 held,128,10416,3.398506,3.366348,32.16,muon-s1-010000-ggn-complement-out-k16-r128
10000,top-128 held,128,10448,3.396134,3.366059,30.07,muon-s1-010000-ggn-complement-out-k16-r128
10000,top-128 held,128,10480,3.394060,3.364927,29.13,muon-s1-010000-ggn-complement-out-k16-r128
10000,top-128 held,128,10512,3.392881,3.364607,28.27,muon-s1-010000-ggn-complement-out-k16-r128
10000,top-128 held,128,10544,3.390616,3.364406,26.21,muon-s1-010000-ggn-complement-out-k16-r128
10000,top-128 held,128,10576,3.386705,3.361826,24.88,muon-s1-010000-ggn-complement-out-k16-r128
10000,top-128 held,128,10608,3.383366,3.360403,22.96,muon-s1-010000-ggn-complement-out-k16-r128
10000,top-128 held,128,10640,3.380832,3.359194,21.64,muon-s1-010000-ggn-complement-out-k16-r128
10000,top-128 held,128,10672,3.379136,3.358886,20.25,muon-s1-010000-ggn-complement-out-k16-r128
10000,top-128 held,128,10704,3.376723,3.355870,20.85,muon-s1-010000-ggn-complement-out-k16-r128
10000,top-128 held,128,10736,3.375885,3.355956,19.93,muon-s1-010000-ggn-complement-out-k16-r128
10000,top-128 held,128,10768,3.372957,3.354034,18.92,muon-s1-010000-ggn-complement-out-k16-r128
10000,top-128 held,128,10800,3.370160,3.352033,18.13,muon-s1-010000-ggn-complement-out-k16-r128
10000,top-128 held,128,10832,3.368094,3.350801,17.29,muon-s1-010000-ggn-complement-out-k16-r128
10000,top-128 held,128,10864,3.365680,3.349564,16.12,muon-s1-010000-ggn-complement-out-k16-r128
10000,top-128 held,128,10896,3.362744,3.348089,14.66,muon-s1-010000-ggn-complement-out-k16-r128
10000,top-128 held,128,10928,3.361511,3.346379,15.13,muon-s1-010000-ggn-complement-out-k16-r128
10000,top-128 held,128,10960,3.359295,3.344517,14.78,muon-s1-010000-ggn-complement-out-k16-r128
10000,top-128 held,128,10992,3.356774,3.343802,12.97,muon-s1-010000-ggn-complement-out-k16-r128
10000,top-128 held,128,11024,3.355099,3.343182,11.92,muon-s1-010000-ggn-complement-out-k16-r128
10000,top-256 held,256,10000,3.385233,3.385233,0.00,muon-s1-010000-ggn-complement-out-k16-r256
10000,top-256 held,256,10032,3.386023,3.383434,2.59,muon-s1-010000-ggn-complement-out-k16-r256
10000,top-256 held,256,10064,3.392491,3.383856,8.63,muon-s1-010000-ggn-complement-out-k16-r256
10000,top-256 held,256,10096,3.397459,3.379819,17.64,muon-s1-010000-ggn-complement-out-k16-r256
10000,top-256 held,256,10128,3.401938,3.378994,22.94,muon-s1-010000-ggn-complement-out-k16-r256
10000,top-256 held,256,10160,3.405124,3.377536,27.59,muon-s1-010000-ggn-complement-out-k16-r256
10000,top-256 held,256,10192,3.406143,3.376004,30.14,muon-s1-010000-ggn-complement-out-k16-r256
10000,top-256 held,256,10224,3.407672,3.376424,31.25,muon-s1-010000-ggn-complement-out-k16-r256
10000,top-256 held,256,10256,3.407990,3.375115,32.87,muon-s1-010000-ggn-complement-out-k16-r256
10000,top-256 held,256,10288,3.406906,3.373420,33.49,muon-s1-010000-ggn-complement-out-k16-r256
10000,top-256 held,256,10320,3.404863,3.371100,33.76,muon-s1-010000-ggn-complement-out-k16-r256
10000,top-256 held,256,10352,3.403231,3.370022,33.21,muon-s1-010000-ggn-complement-out-k16-r256
10000,top-256 held,256,10384,3.400625,3.367317,33.31,muon-s1-010000-ggn-complement-out-k16-r256
10000,top-256 held,256,10416,3.398351,3.366348,32.00,muon-s1-010000-ggn-complement-out-k16-r256
10000,top-256 held,256,10448,3.396024,3.366059,29.96,muon-s1-010000-ggn-complement-out-k16-r256
10000,top-256 held,256,10480,3.393845,3.364927,28.92,muon-s1-010000-ggn-complement-out-k16-r256
10000,top-256 held,256,10512,3.392617,3.364607,28.01,muon-s1-010000-ggn-complement-out-k16-r256
10000,top-256 held,256,10544,3.390523,3.364406,26.12,muon-s1-010000-ggn-complement-out-k16-r256
10000,top-256 held,256,10576,3.386659,3.361826,24.83,muon-s1-010000-ggn-complement-out-k16-r256
10000,top-256 held,256,10608,3.383227,3.360403,22.82,muon-s1-010000-ggn-complement-out-k16-r256
10000,top-256 held,256,10640,3.380638,3.359194,21.44,muon-s1-010000-ggn-complement-out-k16-r256
10000,top-256 held,256,10672,3.379059,3.358886,20.17,muon-s1-010000-ggn-complement-out-k16-r256
10000,top-256 held,256,10704,3.376564,3.355870,20.69,muon-s1-010000-ggn-complement-out-k16-r256
10000,top-256 held,256,10736,3.375799,3.355956,19.84,muon-s1-010000-ggn-complement-out-k16-r256
10000,top-256 held,256,10768,3.372882,3.354034,18.85,muon-s1-010000-ggn-complement-out-k16-r256
10000,top-256 held,256,10800,3.369925,3.352033,17.89,muon-s1-010000-ggn-complement-out-k16-r256
10000,top-256 held,256,10832,3.367859,3.350801,17.06,muon-s1-010000-ggn-complement-out-k16-r256
10000,top-256 held,256,10864,3.365443,3.349564,15.88,muon-s1-010000-ggn-complement-out-k16-r256
10000,top-256 held,256,10896,3.362711,3.348089,14.62,muon-s1-010000-ggn-complement-out-k16-r256
10000,top-256 held,256,10928,3.361290,3.346379,14.91,muon-s1-010000-ggn-complement-out-k16-r256
10000,top-256 held,256,10960,3.359126,3.344517,14.61,muon-s1-010000-ggn-complement-out-k16-r256
10000,top-256 held,256,10992,3.356689,3.343802,12.89,muon-s1-010000-ggn-complement-out-k16-r256
10000,top-256 held,256,11024,3.354999,3.343182,11.82,muon-s1-010000-ggn-complement-out-k16-r256
10000,top-768 held,768,10000,3.385233,3.385233,0.00,muon-s1-010000-ggn-complement-out-k16-r768
10000,top-768 held,768,10032,3.386048,3.383434,2.61,muon-s1-010000-ggn-complement-out-k16-r768
10000,top-768 held,768,10064,3.392493,3.383856,8.64,muon-s1-010000-ggn-complement-out-k16-r768
10000,top-768 held,768,10096,3.397615,3.379819,17.80,muon-s1-010000-ggn-complement-out-k16-r768
10000,top-768 held,768,10128,3.402032,3.378994,23.04,muon-s1-010000-ggn-complement-out-k16-r768
10000,top-768 held,768,10160,3.405221,3.377536,27.69,muon-s1-010000-ggn-complement-out-k16-r768
10000,top-768 held,768,10192,3.406238,3.376004,30.23,muon-s1-010000-ggn-complement-out-k16-r768
10000,top-768 held,768,10224,3.407742,3.376424,31.32,muon-s1-010000-ggn-complement-out-k16-r768
10000,top-768 held,768,10256,3.407995,3.375115,32.88,muon-s1-010000-ggn-complement-out-k16-r768
10000,top-768 held,768,10288,3.406904,3.373420,33.48,muon-s1-010000-ggn-complement-out-k16-r768
10000,top-768 held,768,10320,3.404748,3.371100,33.65,muon-s1-010000-ggn-complement-out-k16-r768
10000,top-768 held,768,10352,3.403122,3.370022,33.10,muon-s1-010000-ggn-complement-out-k16-r768
10000,top-768 held,768,10384,3.400508,3.367317,33.19,muon-s1-010000-ggn-complement-out-k16-r768
10000,top-768 held,768,10416,3.398313,3.366348,31.97,muon-s1-010000-ggn-complement-out-k16-r768
10000,top-768 held,768,10448,3.395817,3.366059,29.76,muon-s1-010000-ggn-complement-out-k16-r768
10000,top-768 held,768,10480,3.393771,3.364927,28.84,muon-s1-010000-ggn-complement-out-k16-r768
10000,top-768 held,768,10512,3.392513,3.364607,27.91,muon-s1-010000-ggn-complement-out-k16-r768
10000,top-768 held,768,10544,3.390378,3.364406,25.97,muon-s1-010000-ggn-complement-out-k16-r768
10000,top-768 held,768,10576,3.386502,3.361826,24.68,muon-s1-010000-ggn-complement-out-k16-r768
10000,top-768 held,768,10608,3.383188,3.360403,22.79,muon-s1-010000-ggn-complement-out-k16-r768
10000,top-768 held,768,10640,3.380564,3.359194,21.37,muon-s1-010000-ggn-complement-out-k16-r768
10000,top-768 held,768,10672,3.378902,3.358886,20.02,muon-s1-010000-ggn-complement-out-k16-r768
10000,top-768 held,768,10704,3.376497,3.355870,20.63,muon-s1-010000-ggn-complement-out-k16-r768
10000,top-768 held,768,10736,3.375685,3.355956,19.73,muon-s1-010000-ggn-complement-out-k16-r768
10000,top-768 held,768,10768,3.372805,3.354034,18.77,muon-s1-010000-ggn-complement-out-k16-r768
10000,top-768 held,768,10800,3.369813,3.352033,17.78,muon-s1-010000-ggn-complement-out-k16-r768
10000,top-768 held,768,10832,3.367806,3.350801,17.00,muon-s1-010000-ggn-complement-out-k16-r768
10000,top-768 held,768,10864,3.365444,3.349564,15.88,muon-s1-010000-ggn-complement-out-k16-r768
10000,top-768 held,768,10896,3.362680,3.348089,14.59,muon-s1-010000-ggn-complement-out-k16-r768
10000,top-768 held,768,10928,3.361363,3.346379,14.98,muon-s1-010000-ggn-complement-out-k16-r768
10000,top-768 held,768,10960,3.359151,3.344517,14.63,muon-s1-010000-ggn-complement-out-k16-r768
10000,top-768 held,768,10992,3.356699,3.343802,12.90,muon-s1-010000-ggn-complement-out-k16-r768
10000,top-768 held,768,11024,3.354986,3.343182,11.80,muon-s1-010000-ggn-complement-out-k16-r768
10000,random-768 held,768,10000,3.385233,3.385233,0.00,muon-s1-010000-ggn-random-complement-out-k16-r768
10000,random-768 held,768,10032,3.385594,3.383434,2.16,muon-s1-010000-ggn-random-complement-out-k16-r768
10000,random-768 held,768,10064,3.392894,3.383856,9.04,muon-s1-010000-ggn-random-complement-out-k16-r768
10000,random-768 held,768,10096,3.396927,3.379819,17.11,muon-s1-010000-ggn-random-complement-out-k16-r768
10000,random-768 held,768,10128,3.401993,3.378994,23.00,muon-s1-010000-ggn-random-complement-out-k16-r768
10000,random-768 held,768,10160,3.405379,3.377536,27.84,muon-s1-010000-ggn-random-complement-out-k16-r768
10000,random-768 held,768,10192,3.406936,3.376004,30.93,muon-s1-010000-ggn-random-complement-out-k16-r768
10000,random-768 held,768,10224,3.408688,3.376424,32.26,muon-s1-010000-ggn-random-complement-out-k16-r768
10000,random-768 held,768,10256,3.408562,3.375115,33.45,muon-s1-010000-ggn-random-complement-out-k16-r768
10000,random-768 held,768,10288,3.408026,3.373420,34.61,muon-s1-010000-ggn-random-complement-out-k16-r768
10000,random-768 held,768,10320,3.406374,3.371100,35.27,muon-s1-010000-ggn-random-complement-out-k16-r768
10000,random-768 held,768,10352,3.404611,3.370022,34.59,muon-s1-010000-ggn-random-complement-out-k16-r768
10000,random-768 held,768,10384,3.401978,3.367317,34.66,muon-s1-010000-ggn-random-complement-out-k16-r768
10000,random-768 held,768,10416,3.399201,3.366348,32.85,muon-s1-010000-ggn-random-complement-out-k16-r768
10000,random-768 held,768,10448,3.397209,3.366059,31.15,muon-s1-010000-ggn-random-complement-out-k16-r768
10000,random-768 held,768,10480,3.394843,3.364927,29.92,muon-s1-010000-ggn-random-complement-out-k16-r768
10000,random-768 held,768,10512,3.394785,3.364607,30.18,muon-s1-010000-ggn-random-complement-out-k16-r768
10000,random-768 held,768,10544,3.392123,3.364406,27.72,muon-s1-010000-ggn-random-complement-out-k16-r768
10000,random-768 held,768,10576,3.388299,3.361826,26.47,muon-s1-010000-ggn-random-complement-out-k16-r768
10000,random-768 held,768,10608,3.384861,3.360403,24.46,muon-s1-010000-ggn-random-complement-out-k16-r768
10000,random-768 held,768,10640,3.382696,3.359194,23.50,muon-s1-010000-ggn-random-complement-out-k16-r768
10000,random-768 held,768,10672,3.380813,3.358886,21.93,muon-s1-010000-ggn-random-complement-out-k16-r768
10000,random-768 held,768,10704,3.378112,3.355870,22.24,muon-s1-010000-ggn-random-complement-out-k16-r768
10000,random-768 held,768,10736,3.376851,3.355956,20.89,muon-s1-010000-ggn-random-complement-out-k16-r768
10000,random-768 held,768,10768,3.373857,3.354034,19.82,muon-s1-010000-ggn-random-complement-out-k16-r768
10000,random-768 held,768,10800,3.371935,3.352033,19.90,muon-s1-010000-ggn-random-complement-out-k16-r768
10000,random-768 held,768,10832,3.368782,3.350801,17.98,muon-s1-010000-ggn-random-complement-out-k16-r768
10000,random-768 held,768,10864,3.366905,3.349564,17.34,muon-s1-010000-ggn-random-complement-out-k16-r768
10000,random-768 held,768,10896,3.363914,3.348089,15.82,muon-s1-010000-ggn-random-complement-out-k16-r768
10000,random-768 held,768,10928,3.363087,3.346379,16.71,muon-s1-010000-ggn-random-complement-out-k16-r768
10000,random-768 held,768,10960,3.360424,3.344517,15.91,muon-s1-010000-ggn-random-complement-out-k16-r768
10000,random-768 held,768,10992,3.357827,3.343802,14.02,muon-s1-010000-ggn-random-complement-out-k16-r768
10000,random-768 held,768,11024,3.356286,3.343182,13.10,muon-s1-010000-ggn-random-complement-out-k16-r768
11000,control (128K),,11000,3.343409,3.343409,0.00,muon-s1-011000-global-k1
11000,control (128K),,11032,3.342556,3.342556,0.00,muon-s1-011000-global-k1
11000,control (128K),,11064,3.340891,3.340891,0.00,muon-s1-011000-global-k1
11000,control (128K),,11096,3.339209,3.339209,0.00,muon-s1-011000-global-k1
11000,control (128K),,11128,3.338382,3.338382,0.00,muon-s1-011000-global-k1
11000,control (128K),,11160,3.337020,3.337020,0.00,muon-s1-011000-global-k1
11000,control (128K),,11192,3.335933,3.335933,0.00,muon-s1-011000-global-k1
11000,control (128K),,11224,3.334301,3.334301,0.00,muon-s1-011000-global-k1
11000,control (128K),,11256,3.333288,3.333288,0.00,muon-s1-011000-global-k1
11000,control (128K),,11288,3.331760,3.331760,0.00,muon-s1-011000-global-k1
11000,control (128K),,11320,3.329932,3.329932,0.00,muon-s1-011000-global-k1
11000,control (128K),,11352,3.327814,3.327814,0.00,muon-s1-011000-global-k1
11000,control (128K),,11384,3.326754,3.326754,0.00,muon-s1-011000-global-k1
11000,control (128K),,11416,3.325488,3.325488,0.00,muon-s1-011000-global-k1
11000,control (128K),,11448,3.324877,3.324877,0.00,muon-s1-011000-global-k1
11000,control (128K),,11480,3.323349,3.323349,0.00,muon-s1-011000-global-k1
11000,control (128K),,11512,3.322581,3.322581,0.00,muon-s1-011000-global-k1
11000,control (128K),,11544,3.320394,3.320394,0.00,muon-s1-011000-global-k1
11000,control (128K),,11576,3.318761,3.318761,0.00,muon-s1-011000-global-k1
11000,control (128K),,11608,3.317553,3.317553,0.00,muon-s1-011000-global-k1
11000,control (128K),,11640,3.317089,3.317089,0.00,muon-s1-011000-global-k1
11000,control (128K),,11672,3.316043,3.316043,0.00,muon-s1-011000-global-k1
11000,control (128K),,11704,3.313556,3.313556,0.00,muon-s1-011000-global-k1
11000,control (128K),,11736,3.313835,3.313835,0.00,muon-s1-011000-global-k1
11000,control (128K),,11768,3.309443,3.309443,0.00,muon-s1-011000-global-k1
11000,control (128K),,11800,3.309382,3.309382,0.00,muon-s1-011000-global-k1
11000,control (128K),,11832,3.307254,3.307254,0.00,muon-s1-011000-global-k1
11000,control (128K),,11864,3.306602,3.306602,0.00,muon-s1-011000-global-k1
11000,control (128K),,11896,3.304892,3.304892,0.00,muon-s1-011000-global-k1
11000,control (128K),,11928,3.303496,3.303496,0.00,muon-s1-011000-global-k1
11000,control (128K),,11960,3.301999,3.301999,0.00,muon-s1-011000-global-k1
11000,control (128K),,11992,3.300725,3.300725,0.00,muon-s1-011000-global-k1
11000,control (128K),,12024,3.299027,3.299027,0.00,muon-s1-011000-global-k1
11000,fully scaled,,11000,3.343409,3.343409,0.00,muon-s1-011000-matrix-out-k16
11000,fully scaled,,11032,3.343963,3.342556,1.41,muon-s1-011000-matrix-out-k16
11000,fully scaled,,11064,3.347072,3.340891,6.18,muon-s1-011000-matrix-out-k16
11000,fully scaled,,11096,3.350574,3.339209,11.36,muon-s1-011000-matrix-out-k16
11000,fully scaled,,11128,3.354071,3.338382,15.69,muon-s1-011000-matrix-out-k16
11000,fully scaled,,11160,3.356135,3.337020,19.11,muon-s1-011000-matrix-out-k16
11000,fully scaled,,11192,3.357007,3.335933,21.07,muon-s1-011000-matrix-out-k16
11000,fully scaled,,11224,3.357835,3.334301,23.53,muon-s1-011000-matrix-out-k16
11000,fully scaled,,11256,3.357195,3.333288,23.91,muon-s1-011000-matrix-out-k16
11000,fully scaled,,11288,3.356683,3.331760,24.92,muon-s1-011000-matrix-out-k16
11000,fully scaled,,11320,3.355329,3.329932,25.40,muon-s1-011000-matrix-out-k16
11000,fully scaled,,11352,3.353210,3.327814,25.40,muon-s1-011000-matrix-out-k16
11000,fully scaled,,11384,3.351405,3.326754,24.65,muon-s1-011000-matrix-out-k16
11000,fully scaled,,11416,3.350372,3.325488,24.88,muon-s1-011000-matrix-out-k16
11000,fully scaled,,11448,3.348033,3.324877,23.16,muon-s1-011000-matrix-out-k16
11000,fully scaled,,11480,3.345950,3.323349,22.60,muon-s1-011000-matrix-out-k16
11000,fully scaled,,11512,3.343756,3.322581,21.18,muon-s1-011000-matrix-out-k16
11000,fully scaled,,11544,3.342596,3.320394,22.20,muon-s1-011000-matrix-out-k16
11000,fully scaled,,11576,3.339796,3.318761,21.04,muon-s1-011000-matrix-out-k16
11000,fully scaled,,11608,3.337653,3.317553,20.10,muon-s1-011000-matrix-out-k16
11000,fully scaled,,11640,3.336345,3.317089,19.26,muon-s1-011000-matrix-out-k16
11000,fully scaled,,11672,3.334051,3.316043,18.01,muon-s1-011000-matrix-out-k16
11000,fully scaled,,11704,3.331310,3.313556,17.75,muon-s1-011000-matrix-out-k16
11000,fully scaled,,11736,3.329917,3.313835,16.08,muon-s1-011000-matrix-out-k16
11000,fully scaled,,11768,3.327195,3.309443,17.75,muon-s1-011000-matrix-out-k16
11000,fully scaled,,11800,3.325823,3.309382,16.44,muon-s1-011000-matrix-out-k16
11000,fully scaled,,11832,3.324030,3.307254,16.78,muon-s1-011000-matrix-out-k16
11000,fully scaled,,11864,3.322995,3.306602,16.39,muon-s1-011000-matrix-out-k16
11000,fully scaled,,11896,3.322783,3.304892,17.89,muon-s1-011000-matrix-out-k16
11000,fully scaled,,11928,3.318546,3.303496,15.05,muon-s1-011000-matrix-out-k16
11000,fully scaled,,11960,3.317126,3.301999,15.13,muon-s1-011000-matrix-out-k16
11000,fully scaled,,11992,3.315604,3.300725,14.88,muon-s1-011000-matrix-out-k16
11000,fully scaled,,12024,3.313493,3.299027,14.47,muon-s1-011000-matrix-out-k16
11000,top-16 held,16,11000,3.343409,3.343409,0.00,muon-s1-011000-preggn-complement-out-k16-r16
11000,top-16 held,16,11032,3.343987,3.342556,1.43,muon-s1-011000-preggn-complement-out-k16-r16
11000,top-16 held,16,11064,3.347123,3.340891,6.23,muon-s1-011000-preggn-complement-out-k16-r16
11000,top-16 held,16,11096,3.350639,3.339209,11.43,muon-s1-011000-preggn-complement-out-k16-r16
11000,top-16 held,16,11128,3.354052,3.338382,15.67,muon-s1-011000-preggn-complement-out-k16-r16
11000,top-16 held,16,11160,3.355945,3.337020,18.92,muon-s1-011000-preggn-complement-out-k16-r16
11000,top-16 held,16,11192,3.356871,3.335933,20.94,muon-s1-011000-preggn-complement-out-k16-r16
11000,top-16 held,16,11224,3.357640,3.334301,23.34,muon-s1-011000-preggn-complement-out-k16-r16
11000,top-16 held,16,11256,3.357105,3.333288,23.82,muon-s1-011000-preggn-complement-out-k16-r16
11000,top-16 held,16,11288,3.356575,3.331760,24.82,muon-s1-011000-preggn-complement-out-k16-r16
11000,top-16 held,16,11320,3.355133,3.329932,25.20,muon-s1-011000-preggn-complement-out-k16-r16
11000,top-16 held,16,11352,3.353191,3.327814,25.38,muon-s1-011000-preggn-complement-out-k16-r16
11000,top-16 held,16,11384,3.351315,3.326754,24.56,muon-s1-011000-preggn-complement-out-k16-r16
11000,top-16 held,16,11416,3.350099,3.325488,24.61,muon-s1-011000-preggn-complement-out-k16-r16
11000,top-16 held,16,11448,3.347862,3.324877,22.99,muon-s1-011000-preggn-complement-out-k16-r16
11000,top-16 held,16,11480,3.345628,3.323349,22.28,muon-s1-011000-preggn-complement-out-k16-r16
11000,top-16 held,16,11512,3.343784,3.322581,21.20,muon-s1-011000-preggn-complement-out-k16-r16
11000,top-16 held,16,11544,3.342403,3.320394,22.01,muon-s1-011000-preggn-complement-out-k16-r16
11000,top-16 held,16,11576,3.339706,3.318761,20.95,muon-s1-011000-preggn-complement-out-k16-r16
11000,top-16 held,16,11608,3.337600,3.317553,20.05,muon-s1-011000-preggn-complement-out-k16-r16
11000,top-16 held,16,11640,3.336237,3.317089,19.15,muon-s1-011000-preggn-complement-out-k16-r16
11000,top-16 held,16,11672,3.333913,3.316043,17.87,muon-s1-011000-preggn-complement-out-k16-r16
11000,top-16 held,16,11704,3.331130,3.313556,17.57,muon-s1-011000-preggn-complement-out-k16-r16
11000,top-16 held,16,11736,3.329846,3.313835,16.01,muon-s1-011000-preggn-complement-out-k16-r16
11000,top-16 held,16,11768,3.327170,3.309443,17.73,muon-s1-011000-preggn-complement-out-k16-r16
11000,top-16 held,16,11800,3.325824,3.309382,16.44,muon-s1-011000-preggn-complement-out-k16-r16
11000,top-16 held,16,11832,3.323908,3.307254,16.65,muon-s1-011000-preggn-complement-out-k16-r16
11000,top-16 held,16,11864,3.322909,3.306602,16.31,muon-s1-011000-preggn-complement-out-k16-r16
11000,top-16 held,16,11896,3.322695,3.304892,17.80,muon-s1-011000-preggn-complement-out-k16-r16
11000,top-16 held,16,11928,3.318609,3.303496,15.11,muon-s1-011000-preggn-complement-out-k16-r16
11000,top-16 held,16,11960,3.317129,3.301999,15.13,muon-s1-011000-preggn-complement-out-k16-r16
11000,top-16 held,16,11992,3.315710,3.300725,14.98,muon-s1-011000-preggn-complement-out-k16-r16
11000,top-16 held,16,12024,3.313570,3.299027,14.54,muon-s1-011000-preggn-complement-out-k16-r16
11000,top-64 held,64,11000,3.343409,3.343409,0.00,muon-s1-011000-ggn-complement-out-k16-r64
11000,top-64 held,64,11032,3.343976,3.342556,1.42,muon-s1-011000-ggn-complement-out-k16-r64
11000,top-64 held,64,11064,3.347146,3.340891,6.26,muon-s1-011000-ggn-complement-out-k16-r64
11000,top-64 held,64,11096,3.350748,3.339209,11.54,muon-s1-011000-ggn-complement-out-k16-r64
11000,top-64 held,64,11128,3.354146,3.338382,15.76,muon-s1-011000-ggn-complement-out-k16-r64
11000,top-64 held,64,11160,3.355910,3.337020,18.89,muon-s1-011000-ggn-complement-out-k16-r64
11000,top-64 held,64,11192,3.356835,3.335933,20.90,muon-s1-011000-ggn-complement-out-k16-r64
11000,top-64 held,64,11224,3.357567,3.334301,23.27,muon-s1-011000-ggn-complement-out-k16-r64
11000,top-64 held,64,11256,3.357103,3.333288,23.82,muon-s1-011000-ggn-complement-out-k16-r64
11000,top-64 held,64,11288,3.356541,3.331760,24.78,muon-s1-011000-ggn-complement-out-k16-r64
11000,top-64 held,64,11320,3.355110,3.329932,25.18,muon-s1-011000-ggn-complement-out-k16-r64
11000,top-64 held,64,11352,3.353160,3.327814,25.35,muon-s1-011000-ggn-complement-out-k16-r64
11000,top-64 held,64,11384,3.351277,3.326754,24.52,muon-s1-011000-ggn-complement-out-k16-r64
11000,top-64 held,64,11416,3.350055,3.325488,24.57,muon-s1-011000-ggn-complement-out-k16-r64
11000,top-64 held,64,11448,3.347868,3.324877,22.99,muon-s1-011000-ggn-complement-out-k16-r64
11000,top-64 held,64,11480,3.345521,3.323349,22.17,muon-s1-011000-ggn-complement-out-k16-r64
11000,top-64 held,64,11512,3.343723,3.322581,21.14,muon-s1-011000-ggn-complement-out-k16-r64
11000,top-64 held,64,11544,3.342349,3.320394,21.96,muon-s1-011000-ggn-complement-out-k16-r64
11000,top-64 held,64,11576,3.339568,3.318761,20.81,muon-s1-011000-ggn-complement-out-k16-r64
11000,top-64 held,64,11608,3.337513,3.317553,19.96,muon-s1-011000-ggn-complement-out-k16-r64
11000,top-64 held,64,11640,3.336178,3.317089,19.09,muon-s1-011000-ggn-complement-out-k16-r64
11000,top-64 held,64,11672,3.333861,3.316043,17.82,muon-s1-011000-ggn-complement-out-k16-r64
11000,top-64 held,64,11704,3.331090,3.313556,17.53,muon-s1-011000-ggn-complement-out-k16-r64
11000,top-64 held,64,11736,3.329666,3.313835,15.83,muon-s1-011000-ggn-complement-out-k16-r64
11000,top-64 held,64,11768,3.327162,3.309443,17.72,muon-s1-011000-ggn-complement-out-k16-r64
11000,top-64 held,64,11800,3.325871,3.309382,16.49,muon-s1-011000-ggn-complement-out-k16-r64
11000,top-64 held,64,11832,3.323940,3.307254,16.69,muon-s1-011000-ggn-complement-out-k16-r64
11000,top-64 held,64,11864,3.322870,3.306602,16.27,muon-s1-011000-ggn-complement-out-k16-r64
11000,top-64 held,64,11896,3.322859,3.304892,17.97,muon-s1-011000-ggn-complement-out-k16-r64
11000,top-64 held,64,11928,3.318494,3.303496,15.00,muon-s1-011000-ggn-complement-out-k16-r64
11000,top-64 held,64,11960,3.317040,3.301999,15.04,muon-s1-011000-ggn-complement-out-k16-r64
11000,top-64 held,64,11992,3.315606,3.300725,14.88,muon-s1-011000-ggn-complement-out-k16-r64
11000,top-64 held,64,12024,3.313449,3.299027,14.42,muon-s1-011000-ggn-complement-out-k16-r64
11000,top-256 held,256,11000,3.343409,3.343409,0.00,muon-s1-011000-ggn-complement-out-k16-r256
11000,top-256 held,256,11032,3.343986,3.342556,1.43,muon-s1-011000-ggn-complement-out-k16-r256
11000,top-256 held,256,11064,3.347195,3.340891,6.30,muon-s1-011000-ggn-complement-out-k16-r256
11000,top-256 held,256,11096,3.350906,3.339209,11.70,muon-s1-011000-ggn-complement-out-k16-r256
11000,top-256 held,256,11128,3.354216,3.338382,15.83,muon-s1-011000-ggn-complement-out-k16-r256
11000,top-256 held,256,11160,3.355994,3.337020,18.97,muon-s1-011000-ggn-complement-out-k16-r256
11000,top-256 held,256,11192,3.356874,3.335933,20.94,muon-s1-011000-ggn-complement-out-k16-r256
11000,top-256 held,256,11224,3.357586,3.334301,23.28,muon-s1-011000-ggn-complement-out-k16-r256
11000,top-256 held,256,11256,3.357038,3.333288,23.75,muon-s1-011000-ggn-complement-out-k16-r256
11000,top-256 held,256,11288,3.356524,3.331760,24.76,muon-s1-011000-ggn-complement-out-k16-r256
11000,top-256 held,256,11320,3.354982,3.329932,25.05,muon-s1-011000-ggn-complement-out-k16-r256
11000,top-256 held,256,11352,3.353168,3.327814,25.35,muon-s1-011000-ggn-complement-out-k16-r256
11000,top-256 held,256,11384,3.351256,3.326754,24.50,muon-s1-011000-ggn-complement-out-k16-r256
11000,top-256 held,256,11416,3.349918,3.325488,24.43,muon-s1-011000-ggn-complement-out-k16-r256
11000,top-256 held,256,11448,3.347780,3.324877,22.90,muon-s1-011000-ggn-complement-out-k16-r256
11000,top-256 held,256,11480,3.345417,3.323349,22.07,muon-s1-011000-ggn-complement-out-k16-r256
11000,top-256 held,256,11512,3.343649,3.322581,21.07,muon-s1-011000-ggn-complement-out-k16-r256
11000,top-256 held,256,11544,3.342244,3.320394,21.85,muon-s1-011000-ggn-complement-out-k16-r256
11000,top-256 held,256,11576,3.339462,3.318761,20.70,muon-s1-011000-ggn-complement-out-k16-r256
11000,top-256 held,256,11608,3.337466,3.317553,19.91,muon-s1-011000-ggn-complement-out-k16-r256
11000,top-256 held,256,11640,3.336125,3.317089,19.04,muon-s1-011000-ggn-complement-out-k16-r256
11000,top-256 held,256,11672,3.333808,3.316043,17.76,muon-s1-011000-ggn-complement-out-k16-r256
11000,top-256 held,256,11704,3.331056,3.313556,17.50,muon-s1-011000-ggn-complement-out-k16-r256
11000,top-256 held,256,11736,3.329591,3.313835,15.76,muon-s1-011000-ggn-complement-out-k16-r256
11000,top-256 held,256,11768,3.327109,3.309443,17.67,muon-s1-011000-ggn-complement-out-k16-r256
11000,top-256 held,256,11800,3.325828,3.309382,16.45,muon-s1-011000-ggn-complement-out-k16-r256
11000,top-256 held,256,11832,3.323991,3.307254,16.74,muon-s1-011000-ggn-complement-out-k16-r256
11000,top-256 held,256,11864,3.322870,3.306602,16.27,muon-s1-011000-ggn-complement-out-k16-r256
11000,top-256 held,256,11896,3.322886,3.304892,17.99,muon-s1-011000-ggn-complement-out-k16-r256
11000,top-256 held,256,11928,3.318483,3.303496,14.99,muon-s1-011000-ggn-complement-out-k16-r256
11000,top-256 held,256,11960,3.317058,3.301999,15.06,muon-s1-011000-ggn-complement-out-k16-r256
11000,top-256 held,256,11992,3.315544,3.300725,14.82,muon-s1-011000-ggn-complement-out-k16-r256
11000,top-256 held,256,12024,3.313426,3.299027,14.40,muon-s1-011000-ggn-complement-out-k16-r256
11000,top-768 held,768,11000,3.343409,3.343409,0.00,muon-s1-011000-ggn-complement-out-k16-r768
11000,top-768 held,768,11032,3.344015,3.342556,1.46,muon-s1-011000-ggn-complement-out-k16-r768
11000,top-768 held,768,11064,3.347265,3.340891,6.37,muon-s1-011000-ggn-complement-out-k16-r768
11000,top-768 held,768,11096,3.350976,3.339209,11.77,muon-s1-011000-ggn-complement-out-k16-r768
11000,top-768 held,768,11128,3.354322,3.338382,15.94,muon-s1-011000-ggn-complement-out-k16-r768
11000,top-768 held,768,11160,3.356058,3.337020,19.04,muon-s1-011000-ggn-complement-out-k16-r768
11000,top-768 held,768,11192,3.356894,3.335933,20.96,muon-s1-011000-ggn-complement-out-k16-r768
11000,top-768 held,768,11224,3.357616,3.334301,23.31,muon-s1-011000-ggn-complement-out-k16-r768
11000,top-768 held,768,11256,3.357033,3.333288,23.75,muon-s1-011000-ggn-complement-out-k16-r768
11000,top-768 held,768,11288,3.356518,3.331760,24.76,muon-s1-011000-ggn-complement-out-k16-r768
11000,top-768 held,768,11320,3.354957,3.329932,25.03,muon-s1-011000-ggn-complement-out-k16-r768
11000,top-768 held,768,11352,3.353181,3.327814,25.37,muon-s1-011000-ggn-complement-out-k16-r768
11000,top-768 held,768,11384,3.351220,3.326754,24.47,muon-s1-011000-ggn-complement-out-k16-r768
11000,top-768 held,768,11416,3.349912,3.325488,24.42,muon-s1-011000-ggn-complement-out-k16-r768
11000,top-768 held,768,11448,3.347823,3.324877,22.95,muon-s1-011000-ggn-complement-out-k16-r768
11000,top-768 held,768,11480,3.345453,3.323349,22.10,muon-s1-011000-ggn-complement-out-k16-r768
11000,top-768 held,768,11512,3.343611,3.322581,21.03,muon-s1-011000-ggn-complement-out-k16-r768
11000,top-768 held,768,11544,3.342160,3.320394,21.77,muon-s1-011000-ggn-complement-out-k16-r768
11000,top-768 held,768,11576,3.339455,3.318761,20.69,muon-s1-011000-ggn-complement-out-k16-r768
11000,top-768 held,768,11608,3.337535,3.317553,19.98,muon-s1-011000-ggn-complement-out-k16-r768
11000,top-768 held,768,11640,3.336092,3.317089,19.00,muon-s1-011000-ggn-complement-out-k16-r768
11000,top-768 held,768,11672,3.333774,3.316043,17.73,muon-s1-011000-ggn-complement-out-k16-r768
11000,top-768 held,768,11704,3.331049,3.313556,17.49,muon-s1-011000-ggn-complement-out-k16-r768
11000,top-768 held,768,11736,3.329583,3.313835,15.75,muon-s1-011000-ggn-complement-out-k16-r768
11000,top-768 held,768,11768,3.327111,3.309443,17.67,muon-s1-011000-ggn-complement-out-k16-r768
11000,top-768 held,768,11800,3.325866,3.309382,16.48,muon-s1-011000-ggn-complement-out-k16-r768
11000,top-768 held,768,11832,3.324051,3.307254,16.80,muon-s1-011000-ggn-complement-out-k16-r768
11000,top-768 held,768,11864,3.322952,3.306602,16.35,muon-s1-011000-ggn-complement-out-k16-r768
11000,top-768 held,768,11896,3.322896,3.304892,18.00,muon-s1-011000-ggn-complement-out-k16-r768
11000,top-768 held,768,11928,3.318538,3.303496,15.04,muon-s1-011000-ggn-complement-out-k16-r768
11000,top-768 held,768,11960,3.317071,3.301999,15.07,muon-s1-011000-ggn-complement-out-k16-r768
11000,top-768 held,768,11992,3.315612,3.300725,14.89,muon-s1-011000-ggn-complement-out-k16-r768
11000,top-768 held,768,12024,3.313440,3.299027,14.41,muon-s1-011000-ggn-complement-out-k16-r768
11000,random-768 held,768,11000,3.343409,3.343409,0.00,muon-s1-011000-ggn-random-complement-out-k16-r768
11000,random-768 held,768,11032,3.343976,3.342556,1.42,muon-s1-011000-ggn-random-complement-out-k16-r768
11000,random-768 held,768,11064,3.347092,3.340891,6.20,muon-s1-011000-ggn-random-complement-out-k16-r768
11000,random-768 held,768,11096,3.350571,3.339209,11.36,muon-s1-011000-ggn-random-complement-out-k16-r768
11000,random-768 held,768,11128,3.354057,3.338382,15.68,muon-s1-011000-ggn-random-complement-out-k16-r768
11000,random-768 held,768,11160,3.356165,3.337020,19.15,muon-s1-011000-ggn-random-complement-out-k16-r768
11000,random-768 held,768,11192,3.356991,3.335933,21.06,muon-s1-011000-ggn-random-complement-out-k16-r768
11000,random-768 held,768,11224,3.357847,3.334301,23.55,muon-s1-011000-ggn-random-complement-out-k16-r768
11000,random-768 held,768,11256,3.357208,3.333288,23.92,muon-s1-011000-ggn-random-complement-out-k16-r768
11000,random-768 held,768,11288,3.356727,3.331760,24.97,muon-s1-011000-ggn-random-complement-out-k16-r768
11000,random-768 held,768,11320,3.355337,3.329932,25.40,muon-s1-011000-ggn-random-complement-out-k16-r768
11000,random-768 held,768,11352,3.353204,3.327814,25.39,muon-s1-011000-ggn-random-complement-out-k16-r768
11000,random-768 held,768,11384,3.351362,3.326754,24.61,muon-s1-011000-ggn-random-complement-out-k16-r768
11000,random-768 held,768,11416,3.350373,3.325488,24.88,muon-s1-011000-ggn-random-complement-out-k16-r768
11000,random-768 held,768,11448,3.348053,3.324877,23.18,muon-s1-011000-ggn-random-complement-out-k16-r768
11000,random-768 held,768,11480,3.345937,3.323349,22.59,muon-s1-011000-ggn-random-complement-out-k16-r768
11000,random-768 held,768,11512,3.343739,3.322581,21.16,muon-s1-011000-ggn-random-complement-out-k16-r768
11000,random-768 held,768,11544,3.342513,3.320394,22.12,muon-s1-011000-ggn-random-complement-out-k16-r768
11000,random-768 held,768,11576,3.339778,3.318761,21.02,muon-s1-011000-ggn-random-complement-out-k16-r768
11000,random-768 held,768,11608,3.337674,3.317553,20.12,muon-s1-011000-ggn-random-complement-out-k16-r768
11000,random-768 held,768,11640,3.336303,3.317089,19.21,muon-s1-011000-ggn-random-complement-out-k16-r768
11000,random-768 held,768,11672,3.334072,3.316043,18.03,muon-s1-011000-ggn-random-complement-out-k16-r768
11000,random-768 held,768,11704,3.331347,3.313556,17.79,muon-s1-011000-ggn-random-complement-out-k16-r768
11000,random-768 held,768,11736,3.329914,3.313835,16.08,muon-s1-011000-ggn-random-complement-out-k16-r768
11000,random-768 held,768,11768,3.327158,3.309443,17.72,muon-s1-011000-ggn-random-complement-out-k16-r768
11000,random-768 held,768,11800,3.325826,3.309382,16.44,muon-s1-011000-ggn-random-complement-out-k16-r768
11000,random-768 held,768,11832,3.324036,3.307254,16.78,muon-s1-011000-ggn-random-complement-out-k16-r768
11000,random-768 held,768,11864,3.322938,3.306602,16.34,muon-s1-011000-ggn-random-complement-out-k16-r768
11000,random-768 held,768,11896,3.322783,3.304892,17.89,muon-s1-011000-ggn-random-complement-out-k16-r768
11000,random-768 held,768,11928,3.318597,3.303496,15.10,muon-s1-011000-ggn-random-complement-out-k16-r768
11000,random-768 held,768,11960,3.317131,3.301999,15.13,muon-s1-011000-ggn-random-complement-out-k16-r768
11000,random-768 held,768,11992,3.315614,3.300725,14.89,muon-s1-011000-ggn-random-complement-out-k16-r768
11000,random-768 held,768,12024,3.313579,3.299027,14.55,muon-s1-011000-ggn-random-complement-out-k16-r768
12000,control (128K),,12000,3.300370,3.300370,0.00,muon-s1-012000-global-k1
12000,control (128K),,12032,3.298579,3.298579,0.00,muon-s1-012000-global-k1
12000,control (128K),,12064,3.298371,3.298371,0.00,muon-s1-012000-global-k1
12000,control (128K),,12096,3.296997,3.296997,0.00,muon-s1-012000-global-k1
12000,control (128K),,12128,3.295427,3.295427,0.00,muon-s1-012000-global-k1
12000,control (128K),,12160,3.294166,3.294166,0.00,muon-s1-012000-global-k1
12000,control (128K),,12192,3.292902,3.292902,0.00,muon-s1-012000-global-k1
12000,control (128K),,12224,3.292100,3.292100,0.00,muon-s1-012000-global-k1
12000,control (128K),,12256,3.290533,3.290533,0.00,muon-s1-012000-global-k1
12000,control (128K),,12288,3.289690,3.289690,0.00,muon-s1-012000-global-k1
12000,control (128K),,12320,3.288709,3.288709,0.00,muon-s1-012000-global-k1
12000,control (128K),,12352,3.287709,3.287709,0.00,muon-s1-012000-global-k1
12000,control (128K),,12384,3.286819,3.286819,0.00,muon-s1-012000-global-k1
12000,control (128K),,12416,3.285668,3.285668,0.00,muon-s1-012000-global-k1
12000,control (128K),,12448,3.284780,3.284780,0.00,muon-s1-012000-global-k1
12000,control (128K),,12480,3.283562,3.283562,0.00,muon-s1-012000-global-k1
12000,control (128K),,12512,3.282455,3.282455,0.00,muon-s1-012000-global-k1
12000,control (128K),,12544,3.281198,3.281198,0.00,muon-s1-012000-global-k1
12000,control (128K),,12576,3.280334,3.280334,0.00,muon-s1-012000-global-k1
12000,control (128K),,12608,3.278946,3.278946,0.00,muon-s1-012000-global-k1
12000,control (128K),,12640,3.278120,3.278120,0.00,muon-s1-012000-global-k1
12000,control (128K),,12672,3.277335,3.277335,0.00,muon-s1-012000-global-k1
12000,control (128K),,12704,3.276638,3.276638,0.00,muon-s1-012000-global-k1
12000,control (128K),,12736,3.276027,3.276027,0.00,muon-s1-012000-global-k1
12000,control (128K),,12768,3.275248,3.275248,0.00,muon-s1-012000-global-k1
12000,control (128K),,12800,3.275028,3.275028,0.00,muon-s1-012000-global-k1
12000,control (128K),,12832,3.274066,3.274066,0.00,muon-s1-012000-global-k1
12000,control (128K),,12864,3.273516,3.273516,0.00,muon-s1-012000-global-k1
12000,control (128K),,12896,3.273095,3.273095,0.00,muon-s1-012000-global-k1
12000,control (128K),,12928,3.272629,3.272629,0.00,muon-s1-012000-global-k1
12000,control (128K),,12960,3.272346,3.272346,0.00,muon-s1-012000-global-k1
12000,control (128K),,12992,3.272230,3.272230,0.00,muon-s1-012000-global-k1
12000,fully scaled,,12000,3.300370,3.300370,0.00,muon-s1-012000-matrix-out-k16
12000,fully scaled,,12032,3.299588,3.298579,1.01,muon-s1-012000-matrix-out-k16
12000,fully scaled,,12064,3.300858,3.298371,2.49,muon-s1-012000-matrix-out-k16
12000,fully scaled,,12096,3.302435,3.296997,5.44,muon-s1-012000-matrix-out-k16
12000,fully scaled,,12128,3.303475,3.295427,8.05,muon-s1-012000-matrix-out-k16
12000,fully scaled,,12160,3.304232,3.294166,10.07,muon-s1-012000-matrix-out-k16
12000,fully scaled,,12192,3.304596,3.292902,11.69,muon-s1-012000-matrix-out-k16
12000,fully scaled,,12224,3.304615,3.292100,12.51,muon-s1-012000-matrix-out-k16
12000,fully scaled,,12256,3.303923,3.290533,13.39,muon-s1-012000-matrix-out-k16
12000,fully scaled,,12288,3.303347,3.289690,13.66,muon-s1-012000-matrix-out-k16
12000,fully scaled,,12320,3.302682,3.288709,13.97,muon-s1-012000-matrix-out-k16
12000,fully scaled,,12352,3.301571,3.287709,13.86,muon-s1-012000-matrix-out-k16
12000,fully scaled,,12384,3.300318,3.286819,13.50,muon-s1-012000-matrix-out-k16
12000,fully scaled,,12416,3.299317,3.285668,13.65,muon-s1-012000-matrix-out-k16
12000,fully scaled,,12448,3.298404,3.284780,13.62,muon-s1-012000-matrix-out-k16
12000,fully scaled,,12480,3.297044,3.283562,13.48,muon-s1-012000-matrix-out-k16
12000,fully scaled,,12512,3.296084,3.282455,13.63,muon-s1-012000-matrix-out-k16
12000,fully scaled,,12544,3.294849,3.281198,13.65,muon-s1-012000-matrix-out-k16
12000,fully scaled,,12576,3.293680,3.280334,13.35,muon-s1-012000-matrix-out-k16
12000,fully scaled,,12608,3.292426,3.278946,13.48,muon-s1-012000-matrix-out-k16
12000,fully scaled,,12640,3.291358,3.278120,13.24,muon-s1-012000-matrix-out-k16
12000,fully scaled,,12672,3.290401,3.277335,13.07,muon-s1-012000-matrix-out-k16
12000,fully scaled,,12704,3.289482,3.276638,12.84,muon-s1-012000-matrix-out-k16
12000,fully scaled,,12736,3.288620,3.276027,12.59,muon-s1-012000-matrix-out-k16
12000,fully scaled,,12768,3.287819,3.275248,12.57,muon-s1-012000-matrix-out-k16
12000,fully scaled,,12800,3.287418,3.275028,12.39,muon-s1-012000-matrix-out-k16
12000,fully scaled,,12832,3.286653,3.274066,12.59,muon-s1-012000-matrix-out-k16
12000,fully scaled,,12864,3.286096,3.273516,12.58,muon-s1-012000-matrix-out-k16
12000,fully scaled,,12896,3.285674,3.273095,12.58,muon-s1-012000-matrix-out-k16
12000,fully scaled,,12928,3.285295,3.272629,12.67,muon-s1-012000-matrix-out-k16
12000,fully scaled,,12960,3.285068,3.272346,12.72,muon-s1-012000-matrix-out-k16
12000,fully scaled,,12992,3.284964,3.272230,12.73,muon-s1-012000-matrix-out-k16
12000,top-16 held,16,12000,3.300370,3.300370,0.00,muon-s1-012000-ggn-complement-out-k16-r16
12000,top-16 held,16,12032,3.299574,3.298579,1.00,muon-s1-012000-ggn-complement-out-k16-r16
12000,top-16 held,16,12064,3.300939,3.298371,2.57,muon-s1-012000-ggn-complement-out-k16-r16
12000,top-16 held,16,12096,3.302445,3.296997,5.45,muon-s1-012000-ggn-complement-out-k16-r16
12000,top-16 held,16,12128,3.303568,3.295427,8.14,muon-s1-012000-ggn-complement-out-k16-r16
12000,top-16 held,16,12160,3.304209,3.294166,10.04,muon-s1-012000-ggn-complement-out-k16-r16
12000,top-16 held,16,12192,3.304498,3.292902,11.60,muon-s1-012000-ggn-complement-out-k16-r16
12000,top-16 held,16,12224,3.304600,3.292100,12.50,muon-s1-012000-ggn-complement-out-k16-r16
12000,top-16 held,16,12256,3.303928,3.290533,13.39,muon-s1-012000-ggn-complement-out-k16-r16
12000,top-16 held,16,12288,3.303398,3.289690,13.71,muon-s1-012000-ggn-complement-out-k16-r16
12000,top-16 held,16,12320,3.302666,3.288709,13.96,muon-s1-012000-ggn-complement-out-k16-r16
12000,top-16 held,16,12352,3.301554,3.287709,13.85,muon-s1-012000-ggn-complement-out-k16-r16
12000,top-16 held,16,12384,3.300358,3.286819,13.54,muon-s1-012000-ggn-complement-out-k16-r16
12000,top-16 held,16,12416,3.299258,3.285668,13.59,muon-s1-012000-ggn-complement-out-k16-r16
12000,top-16 held,16,12448,3.298371,3.284780,13.59,muon-s1-012000-ggn-complement-out-k16-r16
12000,top-16 held,16,12480,3.297072,3.283562,13.51,muon-s1-012000-ggn-complement-out-k16-r16
12000,top-16 held,16,12512,3.296068,3.282455,13.61,muon-s1-012000-ggn-complement-out-k16-r16
12000,top-16 held,16,12544,3.294817,3.281198,13.62,muon-s1-012000-ggn-complement-out-k16-r16
12000,top-16 held,16,12576,3.293688,3.280334,13.35,muon-s1-012000-ggn-complement-out-k16-r16
12000,top-16 held,16,12608,3.292423,3.278946,13.48,muon-s1-012000-ggn-complement-out-k16-r16
12000,top-16 held,16,12640,3.291331,3.278120,13.21,muon-s1-012000-ggn-complement-out-k16-r16
12000,top-16 held,16,12672,3.290390,3.277335,13.06,muon-s1-012000-ggn-complement-out-k16-r16
12000,top-16 held,16,12704,3.289479,3.276638,12.84,muon-s1-012000-ggn-complement-out-k16-r16
12000,top-16 held,16,12736,3.288600,3.276027,12.57,muon-s1-012000-ggn-complement-out-k16-r16
12000,top-16 held,16,12768,3.287820,3.275248,12.57,muon-s1-012000-ggn-complement-out-k16-r16
12000,top-16 held,16,12800,3.287379,3.275028,12.35,muon-s1-012000-ggn-complement-out-k16-r16
12000,top-16 held,16,12832,3.286610,3.274066,12.54,muon-s1-012000-ggn-complement-out-k16-r16
12000,top-16 held,16,12864,3.286110,3.273516,12.59,muon-s1-012000-ggn-complement-out-k16-r16
12000,top-16 held,16,12896,3.285731,3.273095,12.64,muon-s1-012000-ggn-complement-out-k16-r16
12000,top-16 held,16,12928,3.285331,3.272629,12.70,muon-s1-012000-ggn-complement-out-k16-r16
12000,top-16 held,16,12960,3.285063,3.272346,12.72,muon-s1-012000-ggn-complement-out-k16-r16
12000,top-16 held,16,12992,3.284988,3.272230,12.76,muon-s1-012000-ggn-complement-out-k16-r16
12000,top-64 held,64,12000,3.300370,3.300370,0.00,muon-s1-012000-ggn-complement-out-k16-r64
12000,top-64 held,64,12032,3.299598,3.298579,1.02,muon-s1-012000-ggn-complement-out-k16-r64
12000,top-64 held,64,12064,3.300967,3.298371,2.60,muon-s1-012000-ggn-complement-out-k16-r64
12000,top-64 held,64,12096,3.302480,3.296997,5.48,muon-s1-012000-ggn-complement-out-k16-r64
12000,top-64 held,64,12128,3.303543,3.295427,8.12,muon-s1-012000-ggn-complement-out-k16-r64
12000,top-64 held,64,12160,3.304244,3.294166,10.08,muon-s1-012000-ggn-complement-out-k16-r64
12000,top-64 held,64,12192,3.304511,3.292902,11.61,muon-s1-012000-ggn-complement-out-k16-r64
12000,top-64 held,64,12224,3.304602,3.292100,12.50,muon-s1-012000-ggn-complement-out-k16-r64
12000,top-64 held,64,12256,3.303927,3.290533,13.39,muon-s1-012000-ggn-complement-out-k16-r64
12000,top-64 held,64,12288,3.303402,3.289690,13.71,muon-s1-012000-ggn-complement-out-k16-r64
12000,top-64 held,64,12320,3.302652,3.288709,13.94,muon-s1-012000-ggn-complement-out-k16-r64
12000,top-64 held,64,12352,3.301543,3.287709,13.83,muon-s1-012000-ggn-complement-out-k16-r64
12000,top-64 held,64,12384,3.300324,3.286819,13.51,muon-s1-012000-ggn-complement-out-k16-r64
12000,top-64 held,64,12416,3.299280,3.285668,13.61,muon-s1-012000-ggn-complement-out-k16-r64
12000,top-64 held,64,12448,3.298370,3.284780,13.59,muon-s1-012000-ggn-complement-out-k16-r64
12000,top-64 held,64,12480,3.297024,3.283562,13.46,muon-s1-012000-ggn-complement-out-k16-r64
12000,top-64 held,64,12512,3.296048,3.282455,13.59,muon-s1-012000-ggn-complement-out-k16-r64
12000,top-64 held,64,12544,3.294801,3.281198,13.60,muon-s1-012000-ggn-complement-out-k16-r64
12000,top-64 held,64,12576,3.293708,3.280334,13.37,muon-s1-012000-ggn-complement-out-k16-r64
12000,top-64 held,64,12608,3.292441,3.278946,13.49,muon-s1-012000-ggn-complement-out-k16-r64
12000,top-64 held,64,12640,3.291359,3.278120,13.24,muon-s1-012000-ggn-complement-out-k16-r64
12000,top-64 held,64,12672,3.290395,3.277335,13.06,muon-s1-012000-ggn-complement-out-k16-r64
12000,top-64 held,64,12704,3.289469,3.276638,12.83,muon-s1-012000-ggn-complement-out-k16-r64
12000,top-64 held,64,12736,3.288644,3.276027,12.62,muon-s1-012000-ggn-complement-out-k16-r64
12000,top-64 held,64,12768,3.287801,3.275248,12.55,muon-s1-012000-ggn-complement-out-k16-r64
12000,top-64 held,64,12800,3.287413,3.275028,12.39,muon-s1-012000-ggn-complement-out-k16-r64
12000,top-64 held,64,12832,3.286637,3.274066,12.57,muon-s1-012000-ggn-complement-out-k16-r64
12000,top-64 held,64,12864,3.286097,3.273516,12.58,muon-s1-012000-ggn-complement-out-k16-r64
12000,top-64 held,64,12896,3.285688,3.273095,12.59,muon-s1-012000-ggn-complement-out-k16-r64
12000,top-64 held,64,12928,3.285326,3.272629,12.70,muon-s1-012000-ggn-complement-out-k16-r64
12000,top-64 held,64,12960,3.285055,3.272346,12.71,muon-s1-012000-ggn-complement-out-k16-r64
12000,top-64 held,64,12992,3.284961,3.272230,12.73,muon-s1-012000-ggn-complement-out-k16-r64
12000,top-128 held,128,12000,3.300370,3.300370,0.00,muon-s1-012000-ggn-complement-out-k16-r128
12000,top-128 held,128,12032,3.299591,3.298579,1.01,muon-s1-012000-ggn-complement-out-k16-r128
12000,top-128 held,128,12064,3.300981,3.298371,2.61,muon-s1-012000-ggn-complement-out-k16-r128
12000,top-128 held,128,12096,3.302498,3.296997,5.50,muon-s1-012000-ggn-complement-out-k16-r128
12000,top-128 held,128,12128,3.303554,3.295427,8.13,muon-s1-012000-ggn-complement-out-k16-r128
12000,top-128 held,128,12160,3.304228,3.294166,10.06,muon-s1-012000-ggn-complement-out-k16-r128
12000,top-128 held,128,12192,3.304534,3.292902,11.63,muon-s1-012000-ggn-complement-out-k16-r128
12000,top-128 held,128,12224,3.304584,3.292100,12.48,muon-s1-012000-ggn-complement-out-k16-r128
12000,top-128 held,128,12256,3.303908,3.290533,13.37,muon-s1-012000-ggn-complement-out-k16-r128
12000,top-128 held,128,12288,3.303374,3.289690,13.68,muon-s1-012000-ggn-complement-out-k16-r128
12000,top-128 held,128,12320,3.302664,3.288709,13.96,muon-s1-012000-ggn-complement-out-k16-r128
12000,top-128 held,128,12352,3.301514,3.287709,13.80,muon-s1-012000-ggn-complement-out-k16-r128
12000,top-128 held,128,12384,3.300317,3.286819,13.50,muon-s1-012000-ggn-complement-out-k16-r128
12000,top-128 held,128,12416,3.299294,3.285668,13.63,muon-s1-012000-ggn-complement-out-k16-r128
12000,top-128 held,128,12448,3.298396,3.284780,13.62,muon-s1-012000-ggn-complement-out-k16-r128
12000,top-128 held,128,12480,3.297033,3.283562,13.47,muon-s1-012000-ggn-complement-out-k16-r128
12000,top-128 held,128,12512,3.296064,3.282455,13.61,muon-s1-012000-ggn-complement-out-k16-r128
12000,top-128 held,128,12544,3.294839,3.281198,13.64,muon-s1-012000-ggn-complement-out-k16-r128
12000,top-128 held,128,12576,3.293653,3.280334,13.32,muon-s1-012000-ggn-complement-out-k16-r128
12000,top-128 held,128,12608,3.292431,3.278946,13.48,muon-s1-012000-ggn-complement-out-k16-r128
12000,top-128 held,128,12640,3.291370,3.278120,13.25,muon-s1-012000-ggn-complement-out-k16-r128
12000,top-128 held,128,12672,3.290408,3.277335,13.07,muon-s1-012000-ggn-complement-out-k16-r128
12000,top-128 held,128,12704,3.289462,3.276638,12.82,muon-s1-012000-ggn-complement-out-k16-r128
12000,top-128 held,128,12736,3.288636,3.276027,12.61,muon-s1-012000-ggn-complement-out-k16-r128
12000,top-128 held,128,12768,3.287806,3.275248,12.56,muon-s1-012000-ggn-complement-out-k16-r128
12000,top-128 held,128,12800,3.287422,3.275028,12.39,muon-s1-012000-ggn-complement-out-k16-r128
12000,top-128 held,128,12832,3.286635,3.274066,12.57,muon-s1-012000-ggn-complement-out-k16-r128
12000,top-128 held,128,12864,3.286108,3.273516,12.59,muon-s1-012000-ggn-complement-out-k16-r128
12000,top-128 held,128,12896,3.285707,3.273095,12.61,muon-s1-012000-ggn-complement-out-k16-r128
12000,top-128 held,128,12928,3.285310,3.272629,12.68,muon-s1-012000-ggn-complement-out-k16-r128
12000,top-128 held,128,12960,3.285050,3.272346,12.70,muon-s1-012000-ggn-complement-out-k16-r128
12000,top-128 held,128,12992,3.284973,3.272230,12.74,muon-s1-012000-ggn-complement-out-k16-r128
12000,top-256 held,256,12000,3.300370,3.300370,0.00,muon-s1-012000-ggn-complement-out-k16-r256
12000,top-256 held,256,12032,3.299591,3.298579,1.01,muon-s1-012000-ggn-complement-out-k16-r256
12000,top-256 held,256,12064,3.300991,3.298371,2.62,muon-s1-012000-ggn-complement-out-k16-r256
12000,top-256 held,256,12096,3.302534,3.296997,5.54,muon-s1-012000-ggn-complement-out-k16-r256
12000,top-256 held,256,12128,3.303612,3.295427,8.18,muon-s1-012000-ggn-complement-out-k16-r256
12000,top-256 held,256,12160,3.304262,3.294166,10.10,muon-s1-012000-ggn-complement-out-k16-r256
12000,top-256 held,256,12192,3.304527,3.292902,11.63,muon-s1-012000-ggn-complement-out-k16-r256
12000,top-256 held,256,12224,3.304621,3.292100,12.52,muon-s1-012000-ggn-complement-out-k16-r256
12000,top-256 held,256,12256,3.303947,3.290533,13.41,muon-s1-012000-ggn-complement-out-k16-r256
12000,top-256 held,256,12288,3.303400,3.289690,13.71,muon-s1-012000-ggn-complement-out-k16-r256
12000,top-256 held,256,12320,3.302660,3.288709,13.95,muon-s1-012000-ggn-complement-out-k16-r256
12000,top-256 held,256,12352,3.301523,3.287709,13.81,muon-s1-012000-ggn-complement-out-k16-r256
12000,top-256 held,256,12384,3.300326,3.286819,13.51,muon-s1-012000-ggn-complement-out-k16-r256
12000,top-256 held,256,12416,3.299272,3.285668,13.60,muon-s1-012000-ggn-complement-out-k16-r256
12000,top-256 held,256,12448,3.298399,3.284780,13.62,muon-s1-012000-ggn-complement-out-k16-r256
12000,top-256 held,256,12480,3.297056,3.283562,13.49,muon-s1-012000-ggn-complement-out-k16-r256
12000,top-256 held,256,12512,3.296092,3.282455,13.64,muon-s1-012000-ggn-complement-out-k16-r256
12000,top-256 held,256,12544,3.294822,3.281198,13.62,muon-s1-012000-ggn-complement-out-k16-r256
12000,top-256 held,256,12576,3.293690,3.280334,13.36,muon-s1-012000-ggn-complement-out-k16-r256
12000,top-256 held,256,12608,3.292420,3.278946,13.47,muon-s1-012000-ggn-complement-out-k16-r256
12000,top-256 held,256,12640,3.291383,3.278120,13.26,muon-s1-012000-ggn-complement-out-k16-r256
12000,top-256 held,256,12672,3.290410,3.277335,13.08,muon-s1-012000-ggn-complement-out-k16-r256
12000,top-256 held,256,12704,3.289515,3.276638,12.88,muon-s1-012000-ggn-complement-out-k16-r256
12000,top-256 held,256,12736,3.288646,3.276027,12.62,muon-s1-012000-ggn-complement-out-k16-r256
12000,top-256 held,256,12768,3.287806,3.275248,12.56,muon-s1-012000-ggn-complement-out-k16-r256
12000,top-256 held,256,12800,3.287433,3.275028,12.40,muon-s1-012000-ggn-complement-out-k16-r256
12000,top-256 held,256,12832,3.286640,3.274066,12.57,muon-s1-012000-ggn-complement-out-k16-r256
12000,top-256 held,256,12864,3.286114,3.273516,12.60,muon-s1-012000-ggn-complement-out-k16-r256
12000,top-256 held,256,12896,3.285694,3.273095,12.60,muon-s1-012000-ggn-complement-out-k16-r256
12000,top-256 held,256,12928,3.285321,3.272629,12.69,muon-s1-012000-ggn-complement-out-k16-r256
12000,top-256 held,256,12960,3.285078,3.272346,12.73,muon-s1-012000-ggn-complement-out-k16-r256
12000,top-256 held,256,12992,3.285011,3.272230,12.78,muon-s1-012000-ggn-complement-out-k16-r256
12000,top-768 held,768,12000,3.300370,3.300370,0.00,muon-s1-012000-ggn-complement-out-k16-r768
12000,top-768 held,768,12032,3.299576,3.298579,1.00,muon-s1-012000-ggn-complement-out-k16-r768
12000,top-768 held,768,12064,3.300977,3.298371,2.61,muon-s1-012000-ggn-complement-out-k16-r768
12000,top-768 held,768,12096,3.302567,3.296997,5.57,muon-s1-012000-ggn-complement-out-k16-r768
12000,top-768 held,768,12128,3.303658,3.295427,8.23,muon-s1-012000-ggn-complement-out-k16-r768
12000,top-768 held,768,12160,3.304286,3.294166,10.12,muon-s1-012000-ggn-complement-out-k16-r768
12000,top-768 held,768,12192,3.304575,3.292902,11.67,muon-s1-012000-ggn-complement-out-k16-r768
12000,top-768 held,768,12224,3.304628,3.292100,12.53,muon-s1-012000-ggn-complement-out-k16-r768
12000,top-768 held,768,12256,3.303994,3.290533,13.46,muon-s1-012000-ggn-complement-out-k16-r768
12000,top-768 held,768,12288,3.303408,3.289690,13.72,muon-s1-012000-ggn-complement-out-k16-r768
12000,top-768 held,768,12320,3.302668,3.288709,13.96,muon-s1-012000-ggn-complement-out-k16-r768
12000,top-768 held,768,12352,3.301489,3.287709,13.78,muon-s1-012000-ggn-complement-out-k16-r768
12000,top-768 held,768,12384,3.300320,3.286819,13.50,muon-s1-012000-ggn-complement-out-k16-r768
12000,top-768 held,768,12416,3.299273,3.285668,13.60,muon-s1-012000-ggn-complement-out-k16-r768
12000,top-768 held,768,12448,3.298387,3.284780,13.61,muon-s1-012000-ggn-complement-out-k16-r768
12000,top-768 held,768,12480,3.297043,3.283562,13.48,muon-s1-012000-ggn-complement-out-k16-r768
12000,top-768 held,768,12512,3.296068,3.282455,13.61,muon-s1-012000-ggn-complement-out-k16-r768
12000,top-768 held,768,12544,3.294846,3.281198,13.65,muon-s1-012000-ggn-complement-out-k16-r768
12000,top-768 held,768,12576,3.293703,3.280334,13.37,muon-s1-012000-ggn-complement-out-k16-r768
12000,top-768 held,768,12608,3.292449,3.278946,13.50,muon-s1-012000-ggn-complement-out-k16-r768
12000,top-768 held,768,12640,3.291386,3.278120,13.27,muon-s1-012000-ggn-complement-out-k16-r768
12000,top-768 held,768,12672,3.290413,3.277335,13.08,muon-s1-012000-ggn-complement-out-k16-r768
12000,top-768 held,768,12704,3.289510,3.276638,12.87,muon-s1-012000-ggn-complement-out-k16-r768
12000,top-768 held,768,12736,3.288639,3.276027,12.61,muon-s1-012000-ggn-complement-out-k16-r768
12000,top-768 held,768,12768,3.287831,3.275248,12.58,muon-s1-012000-ggn-complement-out-k16-r768
12000,top-768 held,768,12800,3.287441,3.275028,12.41,muon-s1-012000-ggn-complement-out-k16-r768
12000,top-768 held,768,12832,3.286653,3.274066,12.59,muon-s1-012000-ggn-complement-out-k16-r768
12000,top-768 held,768,12864,3.286083,3.273516,12.57,muon-s1-012000-ggn-complement-out-k16-r768
12000,top-768 held,768,12896,3.285712,3.273095,12.62,muon-s1-012000-ggn-complement-out-k16-r768
12000,top-768 held,768,12928,3.285296,3.272629,12.67,muon-s1-012000-ggn-complement-out-k16-r768
12000,top-768 held,768,12960,3.285044,3.272346,12.70,muon-s1-012000-ggn-complement-out-k16-r768
12000,top-768 held,768,12992,3.284940,3.272230,12.71,muon-s1-012000-ggn-complement-out-k16-r768
12000,random-768 held,768,12000,3.300370,3.300370,0.00,muon-s1-012000-ggn-random-complement-out-k16-r768
12000,random-768 held,768,12032,3.299569,3.298579,0.99,muon-s1-012000-ggn-random-complement-out-k16-r768
12000,random-768 held,768,12064,3.300855,3.298371,2.48,muon-s1-012000-ggn-random-complement-out-k16-r768
12000,random-768 held,768,12096,3.302455,3.296997,5.46,muon-s1-012000-ggn-random-complement-out-k16-r768
12000,random-768 held,768,12128,3.303481,3.295427,8.05,muon-s1-012000-ggn-random-complement-out-k16-r768
12000,random-768 held,768,12160,3.304189,3.294166,10.02,muon-s1-012000-ggn-random-complement-out-k16-r768
12000,random-768 held,768,12192,3.304590,3.292902,11.69,muon-s1-012000-ggn-random-complement-out-k16-r768
12000,random-768 held,768,12224,3.304618,3.292100,12.52,muon-s1-012000-ggn-random-complement-out-k16-r768
12000,random-768 held,768,12256,3.303949,3.290533,13.42,muon-s1-012000-ggn-random-complement-out-k16-r768
12000,random-768 held,768,12288,3.303379,3.289690,13.69,muon-s1-012000-ggn-random-complement-out-k16-r768
12000,random-768 held,768,12320,3.302707,3.288709,14.00,muon-s1-012000-ggn-random-complement-out-k16-r768
12000,random-768 held,768,12352,3.301564,3.287709,13.86,muon-s1-012000-ggn-random-complement-out-k16-r768
12000,random-768 held,768,12384,3.300337,3.286819,13.52,muon-s1-012000-ggn-random-complement-out-k16-r768
12000,random-768 held,768,12416,3.299278,3.285668,13.61,muon-s1-012000-ggn-random-complement-out-k16-r768
12000,random-768 held,768,12448,3.298377,3.284780,13.60,muon-s1-012000-ggn-random-complement-out-k16-r768
12000,random-768 held,768,12480,3.297083,3.283562,13.52,muon-s1-012000-ggn-random-complement-out-k16-r768
12000,random-768 held,768,12512,3.296058,3.282455,13.60,muon-s1-012000-ggn-random-complement-out-k16-r768
12000,random-768 held,768,12544,3.294822,3.281198,13.62,muon-s1-012000-ggn-random-complement-out-k16-r768
12000,random-768 held,768,12576,3.293664,3.280334,13.33,muon-s1-012000-ggn-random-complement-out-k16-r768
12000,random-768 held,768,12608,3.292405,3.278946,13.46,muon-s1-012000-ggn-random-complement-out-k16-r768
12000,random-768 held,768,12640,3.291371,3.278120,13.25,muon-s1-012000-ggn-random-complement-out-k16-r768
12000,random-768 held,768,12672,3.290401,3.277335,13.07,muon-s1-012000-ggn-random-complement-out-k16-r768
12000,random-768 held,768,12704,3.289486,3.276638,12.85,muon-s1-012000-ggn-random-complement-out-k16-r768
12000,random-768 held,768,12736,3.288607,3.276027,12.58,muon-s1-012000-ggn-random-complement-out-k16-r768
12000,random-768 held,768,12768,3.287806,3.275248,12.56,muon-s1-012000-ggn-random-complement-out-k16-r768
12000,random-768 held,768,12800,3.287389,3.275028,12.36,muon-s1-012000-ggn-random-complement-out-k16-r768
12000,random-768 held,768,12832,3.286656,3.274066,12.59,muon-s1-012000-ggn-random-complement-out-k16-r768
12000,random-768 held,768,12864,3.286083,3.273516,12.57,muon-s1-012000-ggn-random-complement-out-k16-r768
12000,random-768 held,768,12896,3.285653,3.273095,12.56,muon-s1-012000-ggn-random-complement-out-k16-r768
12000,random-768 held,768,12928,3.285324,3.272629,12.69,muon-s1-012000-ggn-random-complement-out-k16-r768
12000,random-768 held,768,12960,3.285057,3.272346,12.71,muon-s1-012000-ggn-random-complement-out-k16-r768
12000,random-768 held,768,12992,3.284960,3.272230,12.73,muon-s1-012000-ggn-random-complement-out-k16-r768
